year,weeknum,date,new_cases,cases_daily_avg,iva_admissions,iva_daily_avg,sv_daily,iva_daily,fhm_deaths,fhm_deaths_avg,sos_deaths,sos_deaths_avg,known_deaths,cumulative_deaths,covid_percent_deaths,nuts2_east,nuts2_smaland,nuts2_south,nuts2_west,nuts2_mid,nuts2_north_low,nuts2_north_upper,nuts2_stockholm,daily_avg_per_c,seven_cumulative_per_c,fourteen_cumulative_per_c,all_cause_mortality,all_cause_diff
2020,6,2020-02-04, 1,,,,,,,,,,,,,,,,,,,,,,,,242,-30
2020,6,2020-02-05, 0,,,,,,,,,,, 0,,,,,,,,,,,,,242,-24
2020,6,2020-02-06, 0,,,,,,,,,,, 0,,,,,,,,,,,,,258,-6
2020,6,2020-02-07, 0,,,,,,,,,,, 0,,,,,,,,,,,,,242,-34
2020,6,2020-02-08, 0,,,,,,,,,,, 0,,,,,,,,,,,,,245,-25
2020,6,2020-02-09, 0,,,,,,,,,,, 0,,,,,,,,,,,,,258,-16
2020,7,2020-02-10, 0, 0,,,,,,,,,, 0,,0.0,0.0,0.0,0.0,0.0,0.0,0.0,0.0,0.0,0.0,,273,-4
2020,7,2020-02-11, 0, 0,,,,,,,,,, 0,,0.0,0.0,0.0,0.0,0.0,0.0,0.0,0.0,0.0,0.0,,255,-17
2020,7,2020-02-12, 0, 0,,,,,,,,,, 0,,0.0,0.0,0.0,0.0,0.0,0.0,0.0,0.0,0.0,0.0,,273,-9
2020,7,2020-02-13, 0, 0,,,,,,,,,, 0,,0.0,0.0,0.0,0.0,0.0,0.0,0.0,0.0,0.0,0.0,,246,-31
2020,7,2020-02-14, 0, 0,,,,,,,,,, 0,,0.0,0.0,0.0,0.0,0.0,0.0,0.0,0.0,0.0,0.0,,266,-2
2020,7,2020-02-15, 0, 0,,,,,,,,,, 0,,0.0,0.0,0.0,0.0,0.0,0.0,0.0,0.0,0.0,0.0,,258,-10
2020,7,2020-02-16, 0, 0,,,,,,,,,, 0,,0.0,0.0,0.0,0.0,0.0,0.0,0.0,0.0,0.0,0.0,,253,-26
2020,8,2020-02-17, 0, 0,,,,,,,,,, 0,,0.0,0.0,0.0,0.0,0.0,0.0,0.0,0.0,0.0,0.0,0.0,269,-8
2020,8,2020-02-18, 0, 0,,,,,,,,,, 0,,0.0,0.0,0.0,0.0,0.0,0.0,0.0,0.0,0.0,0.0,0.0,259,-13
2020,8,2020-02-19, 0, 0,,,,,,,,,, 0,,0.0,0.0,0.0,0.0,0.0,0.0,0.0,0.0,0.0,0.0,0.0,264,-25
2020,8,2020-02-20, 0, 0,,,,,,,,,, 0,,0.0,0.0,0.0,0.0,0.0,0.0,0.0,0.0,0.0,0.0,0.0,256,-36
2020,8,2020-02-21, 0, 0,,,,,,,,,, 0,,0.0,0.0,0.0,0.0,0.0,0.0,0.0,0.0,0.0,0.0,0.0,227,-64
2020,8,2020-02-22, 0, 0,,,,,,,,,, 0,,0.0,0.0,0.0,0.0,0.0,0.0,0.0,0.0,0.0,0.0,0.0,260,-24
2020,8,2020-02-23, 0, 0,,,,,,,,,, 0,,0.0,0.0,0.0,0.0,0.0,0.0,0.0,0.0,0.0,0.0,0.0,242,-47
2020,9,2020-02-24, 0, 0,,,,,,,,,, 0,,0.0,0.0,0.0,0.0,0.0,0.0,0.0,0.0,0.0,0.0,0.0,264,-15
2020,9,2020-02-25, 0, 0,,,,,,,,,, 0,,0.0,0.0,0.0,0.0,0.0,0.0,0.0,0.0,0.0,0.0,0.0,262,-26
2020,9,2020-02-26, 1, 0,,,,,,,,,, 0,,0.0,0.0,0.0,0.0,0.0,0.0,0.0,0.0,0.0,0.0,0.0,258,-28
2020,9,2020-02-27, 1, 0,,, 1,,,,,,, 0,,0.0,0.0,0.0,0.0,0.0,0.0,0.0,0.0,0.0,0.0,0.0,255,-16
2020,9,2020-02-28, 8, 1,,, 1,,,,,,, 0,,0.0,0.0,0.0,0.0,0.0,0.0,0.0,0.0,0.0,0.1,0.1,232,-44
2020,9,2020-02-29, 3, 2,,, 1,,,,,,, 0,,0.0,0.0,0.0,0.0,0.0,0.0,0.0,0.0,0.0,0.1,0.1,244,+1
2020,9,2020-03-01, 0, 2,,, 1,,,,,,, 0,,0.0,0.0,0.0,0.0,0.0,0.0,0.0,0.0,0.0,0.1,0.1,263,-21
2020,10,2020-03-02, 5, 3,,, 3,,,,,,, 0,,0.0,0.0,0.0,0.1,0.0,0.0,0.0,0.0,0.0,0.2,0.2,238,-39
2020,10,2020-03-03, 13, 4,,, 3,,,,,,, 0,,0.0,0.0,0.0,0.1,0.0,0.0,0.0,0.1,0.0,0.3,0.3,261,-30
2020,10,2020-03-04, 30, 9,,, 3,,,,,,, 0,,0.0,0.0,0.1,0.1,0.0,0.0,0.0,0.2,0.1,0.6,0.6,289,+0
2020,10,2020-03-05, 25, 12,,, 6,,,,,,, 0,,0.0,0.0,0.1,0.1,0.0,0.0,0.0,0.3,0.1,0.8,0.8,281,+3
2020,10,2020-03-06, 59, 19,1,1.0, 7,,,,,,, 0,,0.0,0.0,0.2,0.1,0.2,0.0,0.0,0.5,0.2,1.3,1.4,251,-38
2020,10,2020-03-07, 33, 24,1,1.0, 7,,,,,,, 0,,0.0,0.0,0.2,0.1,0.2,0.0,0.0,0.7,0.2,1.6,1.7,266,-7
2020,10,2020-03-08, 46, 30,1,1.0, 7,,,,,,, 0,,0.1,0.0,0.2,0.2,0.2,0.0,0.0,0.8,0.3,2.0,2.2,240,-25
2020,11,2020-03-09, 101, 44,0,0.8, 10,,,,,,, 0,,0.1,0.1,0.2,0.3,0.3,0.0,0.0,1.2,0.4,3.0,3.1,248,-28
2020,11,2020-03-10, 98, 56,2,1.0, 14,,,,,,, 0,,0.1,0.2,0.5,0.4,0.4,0.2,0.2,1.3,0.5,3.8,4.1,257,-14
2020,11,2020-03-11, 196, 80,1,1.0, 18,,1,,,, 1, 1,,0.2,0.6,0.9,0.9,0.4,0.3,0.4,1.4,0.8,5.4,6.0,234,-29
2020,11,2020-03-12, 151, 98,0,0.9, 15,,0,,,, 1, 1,,0.3,0.8,1.2,1.1,0.6,0.6,0.4,1.5,0.9,6.6,7.4,258,-10
2020,11,2020-03-13, 152, 111,2,1.0, 16,,1,,,, 1, 2,,0.6,0.9,1.5,1.2,0.5,0.8,0.4,1.5,1.1,7.5,8.8,243,-28
2020,11,2020-03-14, 71, 116,6,1.7, 17, 1,1,,,, 1, 3,,0.7,1.0,1.7,1.2,0.5,0.9,0.5,1.5,1.1,7.9,9.5,246,-19
2020,11,2020-03-15, 69, 120,5,2.3, 21, 2,2,,,, 3, 5,,0.8,1.0,1.7,1.3,0.5,1.2,0.5,1.4,1.2,8.1,10.2,244,-29
2020,12,2020-03-16, 83, 117,5,3.0, 23, 3,2,,,, 7, 7,,1.0,0.9,1.7,1.2,0.5,1.3,0.5,1.2,1.1,7.9,10.9,293,+25
2020,12,2020-03-17, 119, 120,3,3.1, 43, 3,1,1.1,,, 8, 8,,1.3,1.0,1.5,1.2,0.5,1.1,0.4,1.3,1.2,8.1,11.9,266,-7
2020,12,2020-03-18, 145, 113,15,5.1, 58, 7,6,1.9,5,, 10, 14,1.95%,1.6,0.6,1.2,0.8,0.6,1.2,0.4,1.4,1.1,7.6,13.1,257,-1
2020,12,2020-03-19, 143, 112,8,6.3, 178, 31,7,2.9,7,, 10, 21,2.98%,1.9,0.5,0.9,0.7,0.4,0.9,0.5,1.6,1.1,7.6,14.2,235,-25
2020,12,2020-03-20, 180, 116,17,8.4, 232, 35,9,4.0,7,, 16, 30,2.51%,1.9,0.4,0.5,0.7,0.6,0.8,0.7,1.9,1.1,7.8,15.4,279,+12
2020,12,2020-03-21, 136, 125,13,9.4, 263, 56,8,5.0,9,10.6, 20, 38,3.41%,2.0,0.5,0.3,0.8,0.6,1.3,0.7,2.2,1.2,8.5,16.4,264,+5
2020,12,2020-03-22, 118, 132,27,12.6, 322, 62,11,6.3,13,13.0, 21, 49,4.80%,2.1,0.4,0.3,0.7,0.7,1.4,0.8,2.4,1.3,8.9,17.1,271,+12
2020,13,2020-03-23, 182, 146,37,17.1, 367, 94,11,7.6,11,16.1, 25, 60,3.69%,2.2,0.5,0.4,0.7,0.9,1.4,0.9,2.8,1.4,9.9,17.8,298,+42
2020,13,2020-03-24, 230, 162,32,21.3, 424, 106,21,10.4,22,19.7, 36, 81,7.83%,2.4,0.6,0.3,0.7,1.0,1.6,1.0,3.3,1.6,11.0,19.1,281,+27
2020,13,2020-03-25, 314, 186,31,23.6, 506, 132,22,12.7,22,23.1, 42, 103,7.48%,2.6,0.7,0.4,0.8,1.3,1.6,1.2,3.8,1.8,12.6,20.3,294,+56
2020,13,2020-03-26, 286, 207,40,28.1, 590, 161,31,16.1,29,26.7, 66, 134,9.54%,2.7,0.9,0.4,0.8,1.4,1.9,1.3,4.2,2.0,14.0,21.6,304,+39
2020,13,2020-03-27, 365, 233,29,29.9, 693, 187,32,19.4,32,31.3, 92, 166,10.88%,3.3,1.3,0.5,0.8,1.7,2.0,1.2,4.8,2.3,15.8,23.6,294,+30
2020,13,2020-03-28, 300, 256,28,32.0, 749, 199,35,23.3,33,35.3, 102, 201,12.31%,3.6,1.4,0.5,0.9,1.9,1.7,1.3,5.2,2.5,17.4,25.9,268,+9
2020,13,2020-03-29, 280, 280,41,34.0, 824, 221,38,27.1,38,40.0, 110, 239,12.62%,3.9,1.6,0.5,1.0,2.2,1.8,1.3,5.8,2.7,18.9,27.9,301,+43
2020,14,2020-03-30, 416, 313,29,32.9, 900, 262,45,32.0,43,46.6, 146, 284,12.72%,4.8,1.8,0.5,1.2,2.3,2.1,1.5,6.2,3.0,21.2,31.1,338,+72
2020,14,2020-03-31, 474, 348,34,33.1, 997, 298,48,35.9,50,54.1, 180, 332,16.18%,5.3,2.1,0.5,1.3,2.6,2.4,1.6,6.8,3.4,23.6,34.6,309,+50
2020,14,2020-04-01, 486, 372,48,35.6,1 067, 315,53,40.3,55,59.9, 239, 385,16.77%,6.0,2.2,0.5,1.4,3.1,2.3,1.6,7.1,3.6,25.2,37.9,328,+69
2020,14,2020-04-02, 554, 411,47,36.6,1 145, 342,70,45.9,75,67.4, 282, 455,20.33%,6.9,2.6,0.5,1.6,3.3,2.1,2.0,7.7,4.0,27.8,41.8,369,+103
2020,14,2020-04-03, 602, 445,39,38.0,1 163, 361,80,52.7,85,75.3, 332, 535,23.35%,7.5,2.8,0.7,1.8,3.5,2.1,2.5,8.1,4.3,30.1,45.9,364,+103
2020,14,2020-04-04, 357, 453,36,39.1,1 192, 378,70,57.7,73,82.0, 373, 605,23.25%,7.8,2.9,0.8,1.9,3.7,2.0,2.8,8.0,4.4,30.7,48.1,314,+51
2020,14,2020-04-05, 340, 461,44,39.6,1 370, 404,85,64.4,91,91.6, 401, 690,25.21%,8.0,2.9,0.8,2.0,3.6,1.7,3.0,8.1,4.5,31.3,50.2,361,+110
2020,15,2020-04-06, 389, 457,44,41.7,1 386, 422,90,70.9,98,94.3, 477, 780,26.56%,7.8,2.9,0.8,2.2,3.7,1.7,3.0,7.8,4.4,31.0,52.2,369,+116
2020,15,2020-04-07, 739, 495,45,43.3,1 431, 434,84,76.0,97,97.4, 591, 864,28.20%,8.8,3.2,1.0,2.5,4.0,1.7,3.5,8.1,4.8,33.6,57.1,344,+74
2020,15,2020-04-08, 654, 519,47,43.1,1 459, 454,115,84.9,122,102.1, 687, 979,31.04%,9.0,3.3,1.0,2.8,3.9,2.2,3.9,8.5,5.0,35.2,60.4,393,+146
2020,15,2020-04-09, 645, 532,36,41.6,1 457, 465,86,87.1,94,105.3, 793,1 065,25.82%,8.8,3.1,1.0,3.3,4.4,2.4,3.8,8.6,5.2,36.1,63.9,364,+122
2020,15,2020-04-10, 454, 511,36,41.1,1 529, 482,90,88.6,107,105.1, 870,1 155,28.46%,8.3,2.9,1.0,3.3,4.4,2.8,3.7,8.0,4.9,34.6,64.8,376,+129
2020,15,2020-04-11, 395, 517,45,42.4,1 560, 494,102,93.1,106,106.0, 887,1 257,28.96%,8.4,2.9,0.9,3.4,4.2,2.6,3.3,8.4,5.0,35.0,65.7,366,+129
2020,15,2020-04-12, 464, 534,36,41.3,1 600, 504,97,94.9,113,105.9, 899,1 354,31.65%,8.8,2.8,1.0,3.4,4.8,3.0,3.1,8.5,5.2,36.2,67.5,357,+104
2020,16,2020-04-13, 437, 541,43,41.1,1 658, 517,84,94.0,97,109.9, 919,1 438,27.40%,8.7,2.8,1.0,3.4,4.8,3.1,3.3,8.9,5.2,36.7,67.7,354,+97
2020,16,2020-04-14, 479, 504,41,40.6,1 681, 518,91,95.0,103,108.1,1 033,1 529,29.18%,7.8,2.4,0.9,3.3,4.3,3.2,2.7,8.5,4.9,34.2,67.7,353,+100
2020,16,2020-04-15, 604, 497,32,38.4,1 703, 526,115,95.0,121,106.6,1 203,1 644,30.40%,7.7,2.7,0.9,3.3,4.4,3.5,2.5,8.2,4.8,33.7,68.9,398,+155
2020,16,2020-04-16, 623, 494,33,38.0,1 707, 522,111,98.6,122,104.0,1 333,1 755,30.65%,7.7,2.9,1.0,3.1,4.4,3.6,2.5,8.1,4.8,33.5,69.5,398,+144
2020,16,2020-04-17, 689, 527,39,38.4,1 750, 516,83,97.6,95,104.1,1 400,1 838,26.54%,8.5,3.3,0.9,3.2,4.6,3.9,2.8,8.5,5.1,35.7,70.4,358,+96
2020,16,2020-04-18, 532, 547,29,36.1,1 693, 526,86,95.3,95,99.7,1 511,1 924,28.11%,8.8,4.0,1.0,3.3,5.3,4.3,2.8,8.4,5.3,37.1,72.1,338,+95
2020,16,2020-04-19, 388, 536,33,35.7,1 762, 513,87,93.9,95,94.3,1 540,2 011,29.14%,8.3,4.3,0.9,3.3,4.7,4.4,3.0,8.5,5.2,36.3,72.5,326,+85
2020,17,2020-04-20, 461, 539,28,33.6,1 780, 539,85,94.0,98,89.6,1 580,2 096,31.61%,8.4,4.4,0.9,3.3,4.6,4.0,2.8,8.5,5.2,36.6,73.2,310,+58
2020,17,2020-04-21, 707, 572,34,32.6,1 713, 520,62,89.9,72,89.9,1 765,2 158,21.62%,9.1,5.3,0.9,3.8,5.3,4.3,2.7,8.4,5.5,38.8,72.9,333,+80
2020,17,2020-04-22, 723, 589,50,35.1,1 725, 515,77,84.4,83,87.1,1 937,2 235,25.00%,9.0,5.5,1.0,4.0,5.5,4.3,2.7,8.9,5.7,39.9,73.6,332,+81
2020,17,2020-04-23, 758, 608,27,34.3,1 704, 539,86,80.9,89,85.0,2 021,2 321,27.30%,9.0,6.3,1.1,3.9,5.6,4.7,3.0,9.3,5.9,41.2,74.7,326,+80
2020,17,2020-04-24, 781, 621,46,35.3,1 699, 537,89,81.7,97,81.9,2 152,2 410,31.09%,9.1,5.8,1.3,4.5,5.5,4.7,2.6,9.3,6.0,42.1,77.9,312,+61
2020,17,2020-04-25, 473, 613,28,35.1,1 694, 551,73,79.9,76,84.6,2 192,2 483,22.96%,8.6,5.6,1.2,4.8,5.8,5.0,2.6,9.1,5.9,41.5,78.6,331,+82
2020,17,2020-04-26, 300, 600,26,34.1,1 721, 542,74,78.0,80,84.0,2 194,2 557,24.62%,8.5,5.3,1.4,4.8,5.7,4.9,2.7,8.6,5.8,40.7,77.0,325,+79
2020,18,2020-04-27, 563, 615,28,34.1,1 780, 533,74,76.4,76,82.1,2 274,2 631,25.33%,8.3,5.6,1.6,5.2,5.8,5.5,2.8,8.6,6.0,41.7,78.2,300,+60
2020,18,2020-04-28, 742, 620,32,33.9,1 750, 529,83,79.4,91,79.4,2 355,2 714,27.08%,8.5,5.2,1.9,4.9,5.8,5.1,2.7,9.1,6.0,42.0,80.8,336,+100
2020,18,2020-04-29, 799, 631,25,30.3,1 681, 541,83,80.3,79,80.3,2 462,2 797,24.53%,8.3,5.5,2.0,5.3,6.3,5.4,3.0,8.8,6.1,42.8,82.7,322,+83
2020,18,2020-04-30, 636, 613,33,31.1,1 709, 521,78,79.1,76,79.3,2 586,2 875,23.82%,8.1,4.9,2.1,5.4,6.1,5.9,2.6,8.4,5.9,41.6,82.8,319,+90
2020,18,2020-05-01, 532, 578,15,26.7,1 627, 518,78,77.6,78,80.6,2 653,2 953,21.67%,7.5,5.2,1.8,5.2,5.8,5.5,2.3,7.8,5.6,39.2,81.3,360,+120
2020,18,2020-05-02, 299, 553,28,26.7,1 655, 518,72,77.4,82,77.9,2 669,3 025,27.70%,7.4,5.1,1.9,4.8,4.9,5.6,2.3,7.5,5.4,37.5,79.0,296,+59
2020,18,2020-05-03, 261, 547,27,26.9,1 694, 512,75,77.6,73,76.4,2 679,3 100,23.86%,7.2,5.1,1.8,4.7,4.9,5.6,1.9,7.6,5.3,37.1,77.8,306,+69
2020,19,2020-05-04, 477, 535,25,26.4,1 745, 511,83,78.9,85,76.4,2 769,3 183,25.68%,6.8,5.1,1.8,4.5,6.0,5.2,1.7,7.2,5.2,36.3,78.0,331,+83
2020,19,2020-05-05, 657, 523,20,24.7,1 768, 497,72,77.3,72,73.4,2 854,3 255,23.30%,6.3,5.3,1.7,4.8,5.9,5.6,1.9,6.8,5.1,35.4,77.5,309,+79
2020,19,2020-05-06, 745, 515,26,24.9,1 733, 487,73,75.9,69,71.0,2 941,3 328,21.23%,6.5,4.9,1.7,5.0,5.4,5.5,1.6,6.5,5.0,34.9,77.7,325,+96
2020,19,2020-05-07, 785, 537,28,24.1,1 704, 480,80,76.1,76,71.3,3 040,3 408,23.17%,6.4,5.3,1.5,5.6,5.8,5.7,1.6,6.9,5.2,36.4,77.9,328,+96
2020,19,2020-05-08, 701, 561,26,25.7,1 653, 467,60,73.6,57,67.6,3 175,3 468,19.39%,6.4,5.5,1.9,5.7,5.9,5.8,1.6,7.3,5.4,38.0,77.2,294,+65
2020,19,2020-05-09, 509, 591,14,23.7,1 600, 464,68,73.0,65,66.3,3 220,3 536,22.89%,6.6,5.9,1.8,6.2,6.7,6.0,1.7,7.5,5.7,40.0,77.5,284,+50
2020,19,2020-05-10, 279, 593,17,22.3,1 617, 448,73,72.7,75,63.4,3 225,3 609,24.12%,6.7,5.8,2.0,6.5,6.7,6.0,1.8,7.2,5.7,40.2,77.3,311,+74
2020,20,2020-05-11, 455, 590,15,20.9,1 635, 437,65,70.1,59,59.3,3 256,3 674,18.50%,6.9,5.6,1.8,6.4,5.5,6.4,2.0,7.6,5.7,40.0,76.3,319,+85
2020,20,2020-05-12, 754, 604,16,20.3,1 567, 426,61,68.6,63,60.0,3 313,3 735,21.72%,6.7,5.6,1.9,6.6,5.5,6.6,2.1,8.0,5.8,40.9,76.4,290,+57
2020,20,2020-05-13, 698, 597,19,19.3,1 555, 415,50,65.3,49,56.9,3 460,3 785,17.25%,6.4,5.9,1.9,6.2,5.5,6.8,2.1,8.2,5.8,40.5,75.4,284,+50
2020,20,2020-05-14, 657, 579,15,17.4,1 508, 403,46,60.4,47,54.6,3 529,3 831,17.09%,6.5,5.3,2.1,6.1,5.5,6.8,2.3,7.5,5.6,39.2,75.6,275,+51
2020,20,2020-05-15, 688, 577,21,16.7,1 462, 391,58,60.1,62,54.3,3 646,3 889,22.46%,6.2,5.4,2.0,6.3,5.6,7.6,2.5,7.2,5.6,39.1,77.1,276,+48
2020,20,2020-05-16, 358, 556,18,17.3,1 451, 383,48,57.3,43,51.3,3 674,3 937,16.17%,5.9,5.1,2.1,6.3,4.9,7.6,2.4,6.9,5.4,37.7,77.7,266,+31
2020,20,2020-05-17, 259, 553,20,17.7,1 446, 387,52,54.3,59,51.4,3 679,3 989,21.15%,5.7,5.4,2.0,6.3,5.1,7.6,2.5,6.8,5.4,37.5,77.7,279,+57
2020,21,2020-05-18, 430, 549,23,18.9,1 460, 385,59,53.4,57,51.4,3 698,4 048,18.87%,5.9,5.4,2.0,6.2,5.4,7.7,2.4,6.5,5.3,37.2,77.2,302,+73
2020,21,2020-05-19, 666, 537,13,18.4,1 424, 369,41,50.6,42,50.4,3 743,4 089,16.22%,5.6,5.5,2.3,5.9,5.2,8.3,2.5,6.1,5.2,36.4,77.3,259,+38
2020,21,2020-05-20, 808, 552,14,17.7,1 398, 367,52,50.9,50,51.0,3 831,4 141,17.99%,6.1,5.3,2.6,6.4,5.5,8.9,2.2,5.7,5.3,37.4,77.9,278,+58
2020,21,2020-05-21, 610, 546,13,17.4,1 364, 360,53,51.9,47,48.9,3 871,4 194,18.88%,6.1,5.5,2.5,6.5,5.3,8.7,2.1,5.6,5.3,37.0,76.2,249,+35
2020,21,2020-05-22, 532, 523,15,16.6,1 386, 356,56,51.6,55,46.4,3 925,4 250,18.84%,5.8,5.0,2.5,6.3,5.0,8.2,1.9,5.3,5.1,35.5,74.6,292,+74
2020,21,2020-05-23, 403, 530,16,16.3,1 378, 347,55,52.6,47,44.4,3 992,4 305,17.41%,5.7,5.1,2.6,6.2,5.4,9.1,2.0,5.4,5.1,35.9,73.6,270,+53
2020,21,2020-05-24, 210, 523,17,15.9,1 373, 355,44,51.4,44,42.9,3 998,4 349,16.42%,5.9,5.0,2.6,5.8,5.3,9.1,1.9,5.4,5.1,35.4,72.9,268,+30
2020,22,2020-05-25, 490, 531,28,16.6,1 421, 348,42,49.0,40,41.4,4 029,4 391,16.53%,5.7,5.5,2.7,6.2,5.2,8.5,1.9,5.5,5.1,36.0,73.2,242,+26
2020,22,2020-05-26, 746, 543,14,16.7,1 445, 339,28,47.1,28,39.1,4 125,4 419,12.44%,6.1,5.4,2.6,6.3,5.4,8.8,1.8,5.6,5.3,36.8,73.2,225,+6
2020,22,2020-05-27, 800, 542,15,16.9,1 399, 322,38,45.1,39,37.6,4 220,4 457,15.92%,5.9,5.9,2.5,5.9,5.4,9.0,2.1,5.8,5.2,36.7,74.1,245,+29
2020,22,2020-05-28, 774, 565,19,17.7,1 351, 322,40,43.3,37,36.9,4 266,4 497,17.13%,5.8,6.4,2.8,5.5,5.5,9.1,1.9,6.7,5.5,38.3,75.3,216,-21
2020,22,2020-05-29, 773, 599,13,17.4,1 335, 315,40,41.0,39,36.9,4 350,4 537,16.96%,5.9,6.6,2.9,6.1,6.2,9.5,2.4,7.1,5.8,40.6,76.1,230,+8
2020,22,2020-05-30, 432, 604,19,17.9,1 309, 310,38,38.6,36,38.7,4 395,4 575,14.88%,5.8,6.7,3.0,6.4,6.2,8.7,2.5,7.1,5.8,40.9,76.8,242,+15
2020,22,2020-05-31, 265, 611,14,17.4,1 318, 317,46,38.9,39,37.1,4 395,4 621,15.23%,5.5,6.8,3.0,6.9,6.2,8.7,2.5,7.2,5.9,41.4,76.9,256,+38
2020,23,2020-06-01, 648, 634,20,16.3,1 371, 313,39,38.4,40,37.9,4 403,4 660,15.15%,6.7,6.4,3.0,6.9,6.2,9.7,2.8,7.2,6.1,43.0,79.0,264,+38
2020,23,2020-06-02, 900, 656,15,16.4,1 341, 309,36,39.6,41,37.4,4 468,4 696,15.24%,6.8,6.4,3.2,8.0,6.7,8.6,3.0,6.9,6.4,44.5,81.2,269,+56
2020,23,2020-06-03,1 046, 691,18,16.9,1 280, 311,28,38.1,28,37.1,4 542,4 724,10.98%,6.7,6.0,3.2,9.9,6.4,8.2,2.9,7.1,6.7,46.8,83.6,255,+13
2020,23,2020-06-04,1 039, 729,16,16.4,1 284, 299,44,38.7,42,36.3,4 562,4 768,18.50%,7.1,5.5,3.1,12.0,6.6,8.3,3.4,6.6,7.1,49.4,87.7,227,+4
2020,23,2020-06-05,1 146, 782,20,17.4,1 249, 290,37,38.3,36,35.9,4 639,4 805,13.38%,7.7,6.1,3.1,13.8,6.7,8.2,3.2,6.7,7.6,53.0,93.7,269,+41
2020,23,2020-06-06, 780, 832,20,17.6,1 218, 293,29,37.0,34,34.7,4 656,4 834,14.59%,8.4,5.9,3.0,14.9,7.0,8.3,3.3,7.3,8.1,56.4,97.3,233,+28
2020,23,2020-06-07, 462, 860,14,17.6,1 221, 299,33,35.1,33,36.0,4 659,4 867,14.10%,8.7,6.0,3.1,15.8,7.3,8.9,3.4,7.2,8.3,58.3,99.7,234,+22
2020,24,2020-06-08, 677, 864,16,17.0,1 275, 293,38,35.0,37,35.1,4 694,4 905,16.02%,7.7,6.1,3.2,16.0,7.6,8.7,3.7,7.7,8.4,58.6,101.6,231,+7
2020,24,2020-06-09, 937, 870,16,17.1,1 189, 280,33,34.6,33,33.7,4 717,4 938,12.79%,7.7,6.6,2.9,15.8,6.9,9.0,3.7,8.3,8.4,58.9,103.4,258,+36
2020,24,2020-06-10,1 437, 925,8,15.7,1 157, 279,39,36.1,37,33.0,4 795,4 977,13.31%,8.0,8.5,3.0,16.9,7.8,9.2,3.7,8.4,9.0,62.7,109.6,278,+68
2020,24,2020-06-11,1 293, 962,12,15.1,1 116, 270,35,34.9,36,32.7,4 814,5 012,14.81%,8.3,10.3,3.2,17.5,7.8,8.5,3.5,8.4,9.3,65.2,114.6,243,+39
2020,24,2020-06-12,1 329, 988,12,14.0,1 102, 267,29,33.7,26,31.9,4 854,5 041,10.66%,8.7,11.8,3.5,17.7,8.0,8.8,4.3,8.2,9.6,67.0,120.0,244,+21
2020,24,2020-06-13,1 032,1 024,14,13.1,1 067, 256,33,34.3,29,31.0,4 874,5 074,11.37%,8.9,13.4,3.7,18.5,7.7,8.1,5.0,8.1,9.9,69.4,125.8,255,+29
2020,24,2020-06-14, 418,1 018,12,12.9,1 065, 263,27,33.4,31,30.4,4 874,5 101,14.62%,8.9,13.1,3.6,18.0,7.8,7.3,6.1,8.3,9.9,69.0,127.3,212,-2
2020,25,2020-06-15, 685,1 019,13,12.4,1 059, 244,30,32.3,31,29.0,4 891,5 131,12.55%,9.0,13.1,3.6,18.6,7.8,8.5,6.5,7.5,9.9,69.0,127.6,247,+26
2020,25,2020-06-16,1 209,1 058,9,11.4,1 044, 237,28,31.6,27,29.3,4 939,5 159,11.34%,9.2,14.2,4.0,19.2,8.1,9.0,7.8,7.3,10.2,71.7,130.6,238,+24
2020,25,2020-06-17,1 457,1 060,13,12.1,1 008, 232,32,30.6,33,28.9,5 041,5 191,12.64%,9.6,15.0,4.4,17.6,7.2,9.3,9.2,7.9,10.3,71.9,134.6,261,+38
2020,25,2020-06-18,1 494,1 089,13,12.3, 973, 224,29,29.7,26,27.0,5 053,5 220,10.20%,10.2,15.7,4.5,16.1,7.4,10.9,10.9,9.0,10.5,73.8,139.0,255,+32
2020,25,2020-06-19,1 209,1 072,8,11.7, 960, 217,30,29.9,28,25.6,5 053,5 250,12.61%,9.9,16.9,4.5,14.2,7.1,9.5,10.3,10.1,10.4,72.7,139.6,222,+4
2020,25,2020-06-20, 698,1 024,6,10.6, 958, 215,29,29.3,26,24.6,5 053,5 279,11.11%,9.4,14.8,4.2,13.7,6.8,9.3,9.6,10.3,9.9,69.4,138.8,234,+14
2020,25,2020-06-21, 321,1 010,12,10.6, 967, 212,22,28.6,18,22.9,5 053,5 301,8.45%,9.2,14.6,4.2,13.5,6.4,9.2,8.4,10.4,9.8,68.5,137.5,213,-5
2020,26,2020-06-22, 800,1 027,15,10.9, 965, 203,20,27.1,21,22.1,5 122,5 321,9.17%,9.4,14.4,4.0,13.8,6.2,8.8,8.6,11.0,9.9,69.6,138.6,229,+10
2020,26,2020-06-23,1 309,1 041,7,10.6, 950, 203,25,26.7,20,19.9,5 161,5 346,9.05%,9.7,15.0,3.8,13.8,6.7,7.9,9.9,11.0,10.1,70.6,142.3,221,+15
2020,26,2020-06-24,1 696,1 075,6,9.6, 917, 192,22,25.3,21,18.0,5 209,5 368,9.29%,10.2,15.2,3.7,14.7,8.9,8.0,9.9,10.6,10.4,72.9,144.8,226,+4
2020,26,2020-06-25,1 276,1 044,10,9.1, 838, 181,23,24.4,21,19.0,5 230,5 391,8.20%,9.6,14.8,3.3,15.2,9.6,6.5,9.7,9.7,10.1,70.8,144.6,256,+29
2020,26,2020-06-26,1 204,1 043,5,8.7, 823, 174,11,21.7,12,17.9,5 280,5 402,5.41%,9.6,13.2,3.2,15.9,10.7,7.6,11.1,8.8,10.1,70.7,143.4,222,-4
2020,26,2020-06-27, 755,1 052,5,8.6, 816, 167,14,19.6,13,17.0,5 280,5 416,5.20%,9.8,14.8,3.2,15.0,10.7,8.1,10.9,9.1,10.2,71.3,140.7,250,+31
2020,26,2020-06-28, 415,1 065,8,8.0, 824, 166,23,19.7,25,16.0,5 280,5 439,9.26%,9.8,14.8,3.1,15.1,10.5,8.0,11.0,9.7,10.3,72.2,140.7,270,+52
2020,27,2020-06-29, 726,1 054,4,6.4, 762, 157,16,19.1,13,15.1,5 310,5 455,6.57%,9.5,14.8,3.2,14.5,10.8,8.4,10.9,9.8,10.2,71.5,141.1,198,-18
2020,27,2020-06-30, 808, 983,5,6.1, 744, 152,20,18.4,14,14.6,5 333,5 475,6.14%,8.9,13.4,2.7,13.9,10.0,8.2,8.2,9.5,9.5,66.6,137.2,228,+6
2020,27,2020-07-01, 685, 838,6,6.1, 723, 142,15,17.4,14,14.9,5 370,5 490,5.83%,7.5,11.4,2.0,11.4,8.3,7.4,6.7,8.8,8.1,56.8,129.7,240,+11
2020,27,2020-07-02, 687, 754,10,6.1, 653, 133,15,16.3,15,12.1,5 411,5 505,6.30%,6.7,9.7,1.8,10.2,7.3,7.0,5.2,8.5,7.3,51.1,121.9,238,+8
2020,27,2020-07-03, 694, 681,3,5.9, 628, 138,8,15.9,8,12.1,5 420,5 513,3.64%,6.0,8.4,1.6,8.8,6.7,7.3,4.0,8.2,6.6,46.2,116.9,220,-6
2020,27,2020-07-04, 364, 626,1,5.3, 613, 140,15,16.0,15,12.1,5 420,5 528,6.52%,5.6,7.4,1.4,8.0,6.5,7.4,3.9,7.3,6.1,42.4,113.7,230,+1
2020,27,2020-07-05, 315, 611,5,4.9, 610, 138,9,14.0,6,11.7,5 420,5 537,2.84%,5.7,7.3,1.3,7.5,7.6,7.6,3.9,6.8,5.9,41.4,113.6,211,-17
2020,28,2020-07-06, 251, 543,2,4.6, 550, 127,15,13.9,13,11.3,5 433,5 552,5.70%,5.2,7.3,1.4,6.3,7.3,6.4,3.6,5.7,5.3,36.8,108.3,228,-1
2020,28,2020-07-07, 278, 468,2,4.1, 537, 119,12,12.7,14,11.3,5 447,5 564,6.57%,4.3,6.3,1.2,5.0,6.8,5.9,3.6,4.9,4.5,31.7,98.3,213,-15
2020,28,2020-07-08, 533, 446,1,3.4, 520, 108,10,12.0,11,10.6,5 482,5 574,5.05%,3.9,5.4,1.3,5.1,6.6,5.8,3.6,4.6,4.3,30.2,87.1,218,-2
2020,28,2020-07-09, 334, 396,2,2.3, 462, 101,15,12.0,12,11.0,5 500,5 589,4.62%,3.4,4.7,1.3,4.1,6.2,5.6,3.4,4.1,3.8,26.8,77.9,260,+53
2020,28,2020-07-10, 369, 349,2,2.1, 426, 97,14,12.9,8,10.9,5 526,5 603,3.40%,3.2,4.4,1.2,3.5,5.2,5.1,3.1,3.5,3.4,23.7,69.9,235,+20
2020,28,2020-07-11, 308, 341,2,2.3, 415, 94,10,12.1,10,10.3,5 526,5 613,4.74%,2.9,4.0,1.3,3.2,6.3,4.9,3.3,3.4,3.3,23.1,65.5,211,-20
2020,28,2020-07-12, 106, 311,3,2.0, 413, 94,8,12.0,9,9.7,5 526,5 621,4.37%,2.8,4.0,1.3,2.9,5.2,5.3,3.1,2.9,3.0,21.1,62.5,206,-27
2020,29,2020-07-13, 170, 300,3,2.1, 383, 91,12,11.6,12,8.6,5 536,5 633,5.53%,2.6,3.9,1.3,3.0,5.3,4.5,2.2,2.8,2.9,20.3,57.1,217,-20
2020,29,2020-07-14, 312, 305,2,2.1, 378, 86,8,11.0,10,8.6,5 545,5 641,5.18%,2.8,3.4,1.3,2.9,5.2,5.1,2.2,3.0,2.9,20.6,52.3,193,-33
2020,29,2020-07-15, 287, 269,0,2.0, 357, 79,6,10.4,7,9.6,5 572,5 647,3.11%,2.5,3.1,1.4,2.5,4.3,4.4,2.1,2.7,2.6,18.3,48.5,225,+5
2020,29,2020-07-16, 268, 260,4,2.3, 299, 67,6,9.1,4,9.3,5 593,5 653,1.99%,2.4,2.9,1.4,2.3,3.9,4.4,2.1,2.7,2.5,17.6,44.4,201,-20
2020,29,2020-07-17, 284, 248,3,2.4, 273, 68,7,8.1,8,8.3,5 619,5 660,3.64%,2.1,2.7,1.5,2.3,3.5,3.8,1.9,2.7,2.4,16.8,40.5,220,-5
2020,29,2020-07-18, 191, 231,0,2.1, 270, 65,11,8.3,17,7.7,5 619,5 671,6.91%,2.1,2.6,1.5,2.4,2.4,3.5,1.9,2.4,2.2,15.7,38.8,246,+17
2020,29,2020-07-19, 110, 232,2,2.0, 271, 66,7,8.1,7,7.6,5 619,5 678,3.32%,1.9,2.7,1.5,2.5,2.5,3.5,1.9,2.4,2.2,15.7,36.8,211,-10
2020,30,2020-07-20, 131, 226,3,2.0, 252, 60,6,7.3,5,8.0,5 639,5 684,2.21%,1.8,2.7,1.5,2.4,2.0,3.9,2.0,2.3,2.2,15.3,35.6,226,+1
2020,30,2020-07-21, 226, 214,5,2.4, 268, 54,7,7.1,6,7.1,5 646,5 691,2.84%,1.4,2.8,1.6,2.3,2.1,3.2,1.8,2.3,2.1,14.5,35.1,211,-14
2020,30,2020-07-22, 297, 215,1,2.6, 257, 47,6,7.1,6,5.0,5 667,5 697,3.05%,1.3,2.7,1.6,2.5,2.0,3.2,1.7,2.3,2.1,14.6,32.9,197,-17
2020,30,2020-07-23, 220, 208,1,2.1, 260, 53,5,7.0,7,4.3,5 676,5 702,2.92%,1.1,2.6,1.5,2.7,2.1,3.3,1.5,2.1,2.0,14.1,31.7,240,+25
2020,30,2020-07-24, 262, 205,1,1.9, 254, 48,3,6.4,,4.7,5 697,5 705,,1.1,2.4,1.4,2.8,2.1,3.5,1.3,2.0,2.0,13.9,30.7,244,+24
2020,30,2020-07-25, 138, 198,0,1.9, 250, 50,1,5.0,,4.9,5 697,5 706,,1.1,2.1,1.3,2.7,2.0,3.6,1.3,2.0,1.9,13.4,29.1,218,-8
2020,30,2020-07-26, 42, 188,1,1.7, 251, 48,2,4.3,,4.3,5 697,5 708,,1.0,2.0,1.3,2.5,1.8,3.0,1.3,2.0,1.8,12.7,28.4,204,-18
2020,31,2020-07-27, 71, 179,1,1.4, 250, 48,6,4.3,8,3.5,5 700,5 714,3.46%,1.0,1.9,1.3,2.5,1.8,2.3,1.1,1.9,1.7,12.2,27.5,231,-19
2020,31,2020-07-28, 283, 188,0,0.7, 252, 46,4,3.9,7,3.5,5 702,5 718,3.30%,1.1,1.7,1.2,3.0,1.5,2.7,1.2,1.9,1.8,12.7,27.2,212,-13
2020,31,2020-07-29, 301, 188,2,0.9, 245, 39,1,3.1,,3.5,5 730,5 719,,1.1,1.7,1.2,3.2,1.4,2.5,1.2,1.8,1.8,12.8,27.3,213,-3
2020,31,2020-07-30, 302, 200,0,0.7, 223, 35,0,2.4,,3.4,5 739,5 719,,1.2,2.0,1.4,3.7,1.1,2.5,1.2,1.7,1.9,13.5,27.7,214,-6
2020,31,2020-07-31, 258, 199,1,0.7, 225, 33,2,2.3,,3.0,5 743,5 721,,1.4,2.1,1.5,3.6,1.0,2.1,1.0,1.6,1.9,13.5,27.4,219,-12
2020,31,2020-08-01, 303, 223,3,1.1, 234, 33,2,2.4,,2.3,5 743,5 723,,1.4,2.1,1.5,4.4,1.0,1.8,1.1,1.9,2.2,15.1,28.5,213,-24
2020,31,2020-08-02, 38, 222,4,1.6, 229, 35,3,2.6,,2.2,5 743,5 726,,1.4,2.1,1.5,4.5,1.0,1.8,1.2,1.8,2.2,15.1,27.8,245,+15
2020,32,2020-08-03, 165, 236,1,1.6, 209, 34,4,2.3,5,2.7,5 744,5 730,2.29%,1.7,2.2,1.7,4.6,1.0,2.3,1.3,1.9,2.3,16.0,28.1,218,+2
2020,32,2020-08-04, 333, 243,1,1.7, 202, 34,2,2.0,,2.7,5 747,5 732,,1.8,2.4,1.7,4.6,1.1,2.0,1.1,1.9,2.4,16.5,29.2,210,-14
2020,32,2020-08-05, 425, 261,3,1.9, 194, 33,1,2.0,,2.7,5 760,5 733,,1.8,2.4,1.8,5.1,1.5,2.4,1.0,2.0,2.5,17.7,30.4,213,-10
2020,32,2020-08-06, 378, 271,2,2.1, 179, 31,4,2.6,5,3.4,5 766,5 737,2.37%,1.9,2.5,1.8,5.3,1.8,2.1,1.0,2.1,2.6,18.4,31.9,211,-4
2020,32,2020-08-07, 380, 289,2,2.3, 181, 29,2,2.6,,3.0,5 763,5 739,,1.9,2.8,2.0,5.9,1.8,2.0,1.2,2.2,2.8,19.6,33.1,265,+43
2020,32,2020-08-08, 260, 283,5,2.6, 182, 29,1,2.4,,3.0,5 763,5 740,,2.0,2.9,2.0,5.4,2.2,2.2,0.9,2.1,2.7,19.2,34.3,237,+21
2020,32,2020-08-09, 73, 288,2,2.3, 179, 29,4,2.6,7,3.4,5 763,5 744,3.23%,2.0,3.1,2.0,5.3,2.3,2.2,0.9,2.2,2.8,19.5,34.6,217,-8
2020,33,2020-08-10, 196, 292,1,2.3, 190, 31,2,2.3,,2.9,5 766,5 746,,1.9,3.3,2.1,5.5,2.4,1.9,0.9,2.3,2.8,19.8,35.8,204,-14
2020,33,2020-08-11, 417, 304,3,2.6, 181, 32,4,2.6,,3.0,5 770,5 750,,1.9,3.5,2.4,5.6,2.6,1.7,1.0,2.3,2.9,20.6,37.1,232,+23
2020,33,2020-08-12, 443, 307,2,2.4, 185, 33,3,2.9,4,3.0,5 774,5 753,1.85%,1.9,3.7,2.6,5.3,2.5,1.5,1.2,2.5,3.0,20.8,38.5,216,-2
2020,33,2020-08-13, 363, 305,4,2.7, 182, 33,5,3.0,,2.3,5 776,5 758,,1.8,3.6,2.8,5.2,2.5,1.4,1.5,2.4,2.9,20.6,39.0,264,+52
2020,33,2020-08-14, 344, 299,0,2.4, 178, 31,1,2.9,,2.3,5 783,5 759,,1.8,3.5,2.7,4.8,2.6,1.5,1.6,2.6,2.9,20.3,39.9,200,-20
2020,33,2020-08-15, 226, 295,2,2.0, 180, 29,1,2.9,,2.6,5 783,5 760,,1.9,3.6,2.7,4.5,2.2,1.4,1.8,2.6,2.9,20.0,39.1,212,-4
2020,33,2020-08-16, 63, 293,1,1.9, 182, 29,0,2.3,,2.3,5 783,5 760,,1.9,3.4,2.7,4.7,2.1,1.5,1.8,2.5,2.8,19.9,39.4,189,-40
2020,34,2020-08-17, 174, 290,1,1.9, 183, 32,3,2.4,,2.3,5 787,5 763,,1.9,3.3,2.9,4.4,2.2,1.3,1.7,2.5,2.8,19.7,39.5,220,+7
2020,34,2020-08-18, 314, 275,2,1.7, 187, 28,4,2.4,4,2.3,5 790,5 767,1.63%,1.8,3.2,3.0,4.1,2.0,1.3,1.6,2.3,2.7,18.7,39.3,246,+30
2020,34,2020-08-19, 351, 262,2,1.7, 188, 29,1,2.1,,2.3,5 802,5 768,,1.9,2.8,2.8,3.8,1.8,1.5,1.4,2.3,2.5,17.8,38.6,214,-8
2020,34,2020-08-20, 333, 258,1,1.3, 176, 27,2,1.7,,2.3,5 805,5 770,,1.9,2.9,2.9,3.7,1.7,1.3,1.1,2.3,2.5,17.5,38.1,206,-13
2020,34,2020-08-21, 298, 251,0,1.3, 173, 26,5,2.3,,2.7,5 810,5 775,,1.7,2.7,3.1,3.7,1.6,1.4,0.7,2.2,2.4,17.0,37.3,243,+16
2020,34,2020-08-22, 160, 242,1,1.1, 173, 26,1,2.3,,2.4,5 810,5 776,,1.7,2.6,3.0,3.5,1.7,1.2,0.6,2.1,2.3,16.4,36.4,246,+29
2020,34,2020-08-23, 57, 241,1,1.1, 173, 26,3,2.7,,2.4,5 810,5 779,,1.7,2.6,3.0,3.4,1.7,1.1,0.6,2.1,2.3,16.3,36.2,203,-16
2020,35,2020-08-24, 174, 241,3,1.4, 165, 22,1,2.4,5,2.4,5 813,5 780,2.48%,1.6,2.5,3.1,3.6,1.6,1.1,0.6,2.1,2.3,16.3,36.0,202,-19
2020,35,2020-08-25, 222, 228,1,1.3, 156, 21,1,2.0,,2.1,5 814,5 781,,1.6,2.2,3.1,3.2,1.6,1.1,0.4,2.0,2.2,15.4,34.1,226,+3
2020,35,2020-08-26, 244, 213,1,1.1, 147, 21,2,2.1,,1.9,5 817,5 783,,1.4,2.1,3.1,2.9,1.9,0.8,0.5,1.8,2.1,14.4,32.2,224,+6
2020,35,2020-08-27, 202, 194,1,1.1, 158, 19,1,2.0,,1.9,5 820,5 784,,1.3,1.7,3.0,2.5,1.8,0.7,0.6,1.6,1.9,13.1,30.6,208,-7
2020,35,2020-08-28, 179, 177,0,1.1, 146, 19,1,1.4,0,1.4,5 821,5 785,,1.2,1.8,2.8,2.0,1.7,0.6,0.6,1.5,1.7,12.0,29.0,212,-3
2020,35,2020-08-29, 131, 173,0,1.0, 146, 20,1,1.4,0,1.3,5 821,5 786,,1.0,1.8,2.8,2.2,1.6,0.8,0.6,1.4,1.7,11.7,28.1,207,-13
2020,35,2020-08-30, 48, 171,1,1.0, 143, 20,3,1.4,,1.2,5 821,5 789,,0.9,1.7,2.8,2.1,1.6,0.8,0.6,1.4,1.7,11.6,28.0,207,-22
2020,36,2020-08-31, 162, 170,0,0.6, 141, 18,2,1.6,,1.1,5 808,5 791,,1.0,1.7,2.6,2.2,1.6,0.9,0.6,1.4,1.6,11.5,27.8,179,-48
2020,36,2020-09-01, 171, 162,1,0.6, 146, 17,3,1.9,,1.1,5 813,5 794,,1.1,1.6,2.2,2.1,1.7,0.9,0.5,1.3,1.6,11.0,26.5,217,-26
2020,36,2020-09-02, 213, 158,3,0.9, 135, 17,2,1.9,,1.1,5 820,5 796,,1.1,1.7,2.0,2.2,1.6,0.6,0.5,1.2,1.5,10.7,25.1,217,-20
2020,36,2020-09-03, 286, 170,3,1.1, 127, 15,2,2.0,,1.4,5 832,5 798,,1.4,1.8,1.9,2.3,1.7,1.2,0.4,1.4,1.6,11.5,24.7,239,+10
2020,36,2020-09-04, 262, 182,0,1.1, 122, 14,0,1.9,0,1.4,5 835,5 798,,1.5,1.9,1.9,2.6,1.7,1.2,0.4,1.4,1.8,12.3,24.3,210,-11
2020,36,2020-09-05, 171, 188,1,1.3, 117, 14,0,1.7,0,1.4,5 835,5 798,,1.7,2.1,1.9,2.6,1.8,1.1,0.3,1.5,1.8,12.7,24.4,227,+2
2020,36,2020-09-06, 67, 190,0,1.1, 121, 14,3,1.7,4,1.4,5 835,5 801,1.75%,1.8,2.1,1.9,2.7,1.8,1.1,0.3,1.5,1.8,12.9,24.5,228,+9
2020,37,2020-09-07, 185, 194,0,1.1, 126, 12,1,1.6,,1.4,5 837,5 802,,1.9,2.2,1.8,2.8,1.9,1.1,0.4,1.5,1.9,13.1,24.6,220,-11
2020,37,2020-09-08, 236, 203,0,1.0, 127, 14,1,1.3,,2.0,5 838,5 803,,2.0,2.5,1.9,2.8,2.0,1.2,0.5,1.5,2.0,13.7,24.8,194,-31
2020,37,2020-09-09, 314, 217,1,0.7, 126, 14,2,1.3,,2.2,5 842,5 805,,2.1,3.0,2.0,3.0,2.0,1.5,0.5,1.6,2.1,14.7,25.4,237,+11
2020,37,2020-09-10, 254, 213,0,0.3, 116, 15,2,1.3,,1.9,5 843,5 807,,2.0,3.0,2.1,2.9,2.1,0.9,0.4,1.5,2.1,14.4,25.9,196,-20
2020,37,2020-09-11, 291, 217,2,0.6, 115, 14,4,1.9,4,1.9,5 846,5 811,1.78%,2.1,3.2,2.1,2.8,2.0,1.0,0.6,1.6,2.1,14.7,27.0,225,+2
2020,37,2020-09-12, 206, 222,4,1.0, 113, 15,1,2.0,,1.9,5 846,5 812,,2.2,3.3,2.1,2.7,2.2,0.8,0.8,1.8,2.1,15.0,27.8,219,-0
2020,37,2020-09-13, 106, 227,1,1.1, 115, 15,2,1.9,,1.9,5 846,5 814,,2.4,3.3,2.1,2.6,2.3,0.9,0.8,1.8,2.2,15.4,28.3,236,+25
2020,38,2020-09-14, 220, 232,1,1.3, 132, 16,2,2.0,,1.6,5 846,5 816,,2.3,3.4,2.3,2.6,2.5,1.0,0.8,1.9,2.3,15.8,28.9,196,-27
2020,38,2020-09-15, 292, 240,2,1.6, 129, 16,1,2.0,,1.3,5 851,5 817,,2.2,3.6,2.5,2.6,2.7,0.9,0.8,2.0,2.3,16.3,30.0,224,-8
2020,38,2020-09-16, 330, 243,1,1.6, 136, 16,2,2.0,,1.3,5 860,5 819,,2.2,3.4,2.4,2.5,2.9,0.7,0.9,2.3,2.4,16.5,31.2,227,+7
2020,38,2020-09-17, 389, 262,0,1.6, 139, 15,1,1.9,0,1.3,5 864,5 820,,2.3,3.4,2.5,2.5,3.0,0.8,1.3,2.8,2.5,17.8,32.2,238,+6
2020,38,2020-09-18, 437, 283,1,1.4, 124, 17,1,1.4,,1.4,5 865,5 821,,2.3,3.4,2.8,2.7,3.6,1.0,1.1,3.1,2.7,19.2,33.9,200,-23
2020,38,2020-09-19, 279, 293,2,1.1, 122, 20,1,1.4,,1.1,5 865,5 822,,2.3,3.3,2.8,2.9,3.6,1.4,1.3,3.3,2.8,19.9,34.9,229,+14
2020,38,2020-09-20, 133, 297,0,1.0, 120, 19,4,1.7,,0.9,5 865,5 826,,2.4,3.4,2.8,2.9,3.8,1.4,1.6,3.2,2.9,20.1,35.6,199,-27
2020,39,2020-09-21, 266, 304,0,0.9, 121, 17,2,1.7,,1.2,5 865,5 828,,2.4,3.3,2.8,3.0,3.6,1.3,1.6,3.5,2.9,20.6,36.3,225,-7
2020,39,2020-09-22, 438, 325,2,0.9, 132, 16,1,1.7,0,1.7,5 870,5 829,,2.7,3.5,2.9,2.9,3.4,1.5,2.4,4.0,3.1,22.0,38.3,209,-17
2020,39,2020-09-23, 553, 356,3,1.1, 135, 15,0,1.4,0,1.8,5 876,5 829,,2.9,3.5,3.1,3.6,3.3,1.7,2.2,4.5,3.5,24.2,40.6,225,-9
2020,39,2020-09-24, 540, 378,2,1.4, 136, 15,1,1.4,,1.9,5 878,5 830,,2.9,3.6,3.0,4.2,3.4,2.2,3.0,4.7,3.7,25.6,43.4,244,+21
2020,39,2020-09-25, 630, 406,1,1.4, 136, 20,4,1.9,5,1.8,5 880,5 834,2.35%,3.7,3.6,3.1,4.2,3.3,2.3,3.6,5.1,3.9,27.5,46.7,213,-9
2020,39,2020-09-26, 325, 412,0,1.1, 139, 19,2,2.0,,2.1,5 880,5 836,,3.9,3.6,3.1,4.0,3.4,2.1,3.2,5.4,4.0,27.9,47.8,238,+15
2020,39,2020-09-27, 167, 417,0,1.1, 140, 18,1,1.6,,2.4,5 880,5 837,,4.0,3.6,3.1,4.1,3.0,2.0,3.4,5.5,4.0,28.3,48.4,209,-29
2020,40,2020-09-28, 378, 433,3,1.6, 140, 16,1,1.4,,2.3,5 880,5 838,,4.0,3.6,3.4,4.4,2.9,2.5,3.8,5.6,4.2,29.3,49.9,242,+28
2020,40,2020-09-29, 613, 458,0,1.3, 141, 17,2,1.6,,1.9,5 890,5 840,,4.4,3.5,3.5,4.6,2.9,2.8,3.3,6.4,4.4,31.0,53.0,187,-55
2020,40,2020-09-30, 689, 477,4,1.4, 138, 17,4,2.1,,1.9,5 893,5 844,,4.7,3.6,4.0,4.3,3.1,3.0,4.1,6.6,4.6,32.4,56.5,220,-6
2020,40,2020-10-01, 633, 491,3,1.6, 140, 16,1,2.1,,1.9,5 893,5 845,,5.0,3.8,4.4,4.0,3.4,2.5,3.2,7.0,4.8,33.3,58.9,260,+27
2020,40,2020-10-02, 712, 502,0,1.4, 140, 21,3,2.0,,1.9,5 895,5 848,,5.1,3.6,4.4,3.9,3.4,3.3,3.5,7.3,4.9,34.1,61.5,253,+19
2020,40,2020-10-03, 461, 522,3,1.9, 140, 21,3,2.1,,2.4,5 895,5 851,,5.5,3.7,4.5,4.1,3.6,3.2,3.9,7.5,5.1,35.4,63.3,183,-51
2020,40,2020-10-04, 156, 520,1,2.0, 142, 20,3,2.4,,2.4,5 895,5 854,,5.7,3.6,4.5,3.9,3.8,3.3,3.5,7.5,5.0,35.3,63.5,202,-38
2020,41,2020-10-05, 374, 520,5,2.3, 133, 22,2,2.6,,2.5,5 895,5 856,,6.1,3.7,4.4,3.7,3.7,3.2,3.3,7.5,5.0,35.2,64.6,229,+7
2020,41,2020-10-06, 786, 544,2,2.6, 145, 21,4,2.9,5,2.9,5 883,5 860,2.36%,6.7,3.5,4.3,4.1,3.9,3.9,3.2,7.7,5.3,36.9,67.9,212,-11
2020,41,2020-10-07, 831, 565,3,2.4, 148, 24,3,2.7,,3.2,5 892,5 863,,6.9,3.8,3.9,4.5,4.1,4.5,3.3,8.0,5.5,38.3,70.6,227,-5
2020,41,2020-10-08, 834, 593,3,2.4, 156, 23,1,2.7,,3.3,5 892,5 864,,7.5,4.1,4.1,4.5,3.7,5.3,3.8,8.5,5.7,40.2,73.5,219,-19
2020,41,2020-10-09, 783, 604,3,2.9, 157, 23,5,3.0,5,3.5,5 894,5 869,,7.1,4.6,3.9,4.6,3.7,5.7,4.3,8.8,5.8,40.9,75.0,235,+1
2020,41,2020-10-10, 509, 610,5,3.1, 161, 23,5,3.3,4,3.0,5 894,5 874,1.75%,7.0,4.9,4.0,4.8,3.5,6.2,4.2,8.9,5.9,41.4,76.7,228,-14
2020,41,2020-10-11, 161, 611,1,3.1, 175, 21,2,3.1,,2.9,5 894,5 876,,7.0,5.0,4.0,4.8,3.3,6.2,4.2,9.0,5.9,41.4,76.7,193,-47
2020,42,2020-10-12, 637, 649,3,2.9, 180, 24,3,3.3,4,2.9,5 894,5 879,1.73%,8.4,5.0,4.1,4.9,3.8,7.0,3.9,9.1,6.3,44.0,79.2,231,-6
2020,42,2020-10-13, 916, 667,3,3.0, 197, 25,1,2.9,,2.4,5 899,5 880,,8.9,5.9,4.5,4.7,3.7,6.9,4.0,9.1,6.5,45.2,82.1,223,-2
2020,42,2020-10-14, 968, 687,4,3.1, 194, 24,2,2.7,,2.4,5 907,5 882,,9.1,6.0,5.0,4.9,3.8,6.3,3.5,9.4,6.7,46.6,84.8,245,+5
2020,42,2020-10-15, 902, 697,1,2.9, 195, 23,3,3.0,,2.3,5 910,5 885,,9.5,6.3,5.1,4.8,4.2,6.6,3.7,9.2,6.7,47.2,87.4,257,+32
2020,42,2020-10-16,1 179, 753,2,2.7, 211, 27,2,2.6,,2.4,5 918,5 887,,10.5,6.6,6.1,5.6,4.5,5.7,3.4,9.5,7.3,51.0,92.0,217,-13
2020,42,2020-10-17, 697, 780,1,2.1, 207, 31,4,2.4,4,2.8,5 918,5 891,1.84%,11.1,6.5,6.1,5.7,5.0,5.7,3.8,10.0,7.6,52.9,94.2,217,-26
2020,42,2020-10-18, 321, 803,5,2.7, 215, 30,1,2.3,,3.1,5 918,5 892,,11.7,7.3,6.2,5.9,5.0,5.6,3.9,10.0,7.8,54.4,95.8,222,+0
2020,43,2020-10-19, 771, 822,4,2.9, 240, 30,4,2.4,5,4.2,5 918,5 896,2.25%,10.8,7.6,8.0,6.2,4.6,4.7,4.2,10.2,8.0,55.7,99.7,222,-19
2020,43,2020-10-20,1 289, 875,2,2.7, 248, 30,4,2.9,,4.5,5 922,5 900,,11.0,8.2,8.1,7.1,5.5,4.5,4.3,10.8,8.5,59.3,104.6,226,-12
2020,43,2020-10-21,1 571, 961,4,2.7, 256, 34,3,3.0,,5.1,5 929,5 903,,12.0,8.8,9.9,7.2,5.3,4.9,5.0,12.1,9.3,65.2,111.7,229,-4
2020,43,2020-10-22,1 666,1 071,9,3.9, 272, 37,9,3.9,9,5.7,5 930,5 912,4.48%,12.5,9.1,11.5,8.8,6.0,4.4,5.3,13.6,10.4,72.6,119.8,201,-47
2020,43,2020-10-23,1 867,1 169,7,4.6, 273, 36,7,4.6,,6.1,5 933,5 919,,13.4,10.0,12.4,9.7,6.7,4.3,5.6,15.0,11.3,79.2,130.3,211,-30
2020,43,2020-10-24,1 477,1 280,4,5.0, 291, 37,8,5.1,8,6.9,5 933,5 927,,14.5,12.3,12.7,9.9,6.9,4.2,5.3,17.7,12.4,86.8,139.6,237,-3
2020,43,2020-10-25, 514,1 308,7,5.3, 303, 41,8,6.1,6,7.3,5 933,5 935,2.46%,14.8,11.8,12.9,10.9,7.2,4.4,5.4,17.8,12.7,88.6,143.1,244,+8
2020,44,2020-10-26,1 069,1 350,5,5.4, 341, 45,11,7.1,8,7.3,5 933,5 946,3.19%,16.3,11.9,12.2,11.8,7.4,4.3,5.1,18.1,13.1,91.5,147.2,251,+15
2020,44,2020-10-27,2 414,1 511,10,6.6, 397, 57,9,7.9,9,8.1,5 918,5 955,3.98%,18.6,14.3,14.6,13.9,8.3,4.9,6.2,18.1,14.6,102.4,161.8,226,-9
2020,44,2020-10-28,3 389,1 771,12,7.7, 441, 56,9,8.7,7,8.6,5 927,5 964,2.94%,20.5,17.2,16.4,16.9,9.7,5.2,7.1,22.1,17.1,120.0,185.2,238,-1
2020,44,2020-10-29,3 262,1 999,6,7.3, 432, 60,9,8.7,9,10.4,5 934,5 973,3.47%,22.8,19.2,18.4,18.9,11.8,5.2,9.9,25.0,19.4,135.5,208.0,259,+24
2020,44,2020-10-30,4 056,2 312,10,7.7, 475, 58,9,9.0,10,11.3,5 938,5 982,4.22%,26.8,23.8,21.6,21.4,12.9,5.5,11.6,28.4,22.4,156.7,235.9,237,-7
2020,44,2020-10-31,2 987,2 527,7,8.1, 501, 61,13,9.7,11,12.9,5 938,5 995,4.87%,29.5,25.6,21.6,22.3,13.9,6.4,12.8,33.4,24.5,171.3,258.1,226,-23
2020,44,2020-11-01,1 297,2 639,9,8.4, 506, 60,22,11.7,19,14.6,5 938,6 017,7.48%,31.0,26.5,22.0,23.9,14.8,6.9,13.0,34.6,25.6,178.9,267.5,254,+10
2020,45,2020-11-02,1 569,2 711,20,10.6, 613, 74,20,13.0,14,16.1,5 938,6 037,5.81%,31.0,27.2,24.5,24.0,15.5,7.1,15.0,34.9,26.2,183.7,275.3,241,+15
2020,45,2020-11-03,3 608,2 881,14,11.1, 659, 81,20,14.6,20,17.6,5 969,6 057,8.85%,32.3,28.1,25.7,25.5,18.0,6.8,16.5,37.5,27.9,195.3,297.7,226,-23
2020,45,2020-11-04,4 482,3 037,14,11.4, 712, 90,21,16.3,19,19.9,5 997,6 078,7.63%,34.9,29.7,26.5,25.7,19.1,9.3,19.7,39.5,29.4,205.9,325.9,249,+11
2020,45,2020-11-05,4 744,3 249,14,12.6, 747, 90,22,18.1,20,20.0,6 002,6 100,8.62%,37.1,34.7,26.3,26.4,20.2,11.7,22.3,43.1,31.5,220.2,355.7,232,-4
2020,45,2020-11-06,4 454,3 306,15,13.3, 788, 90,25,20.4,20,22.0,6 022,6 125,8.10%,37.6,33.2,24.5,28.7,21.9,16.0,25.1,43.0,32.0,224.1,380.7,247,+13
2020,45,2020-11-07,4 451,3 515,16,14.6, 780, 98,27,22.4,27,22.6,6 022,6 152,11.25%,38.1,35.9,26.1,31.2,23.0,17.4,29.4,45.6,34.0,238.2,409.5,240,+1
2020,45,2020-11-08,2 097,3 629,17,15.7, 807, 99,22,22.4,20,23.1,6 022,6 174,8.40%,39.8,37.6,26.8,32.1,24.4,17.8,32.1,46.2,35.1,246.0,424.9,238,-5
2020,46,2020-11-09,3 725,3 937,11,14.4, 927, 122,35,24.6,28,23.6,6 022,6 209,11.62%,41.2,39.9,35.4,35.2,24.6,21.8,33.0,48.1,38.1,266.9,450.6,241,+2
2020,46,2020-11-10,4 497,4 064,9,13.7,1 015, 127,35,26.7,24,24.4,6 057,6 244,10.17%,42.2,41.5,37.2,34.2,24.2,26.5,36.0,50.6,39.4,275.5,470.8,236,-10
2020,46,2020-11-11,5 709,4 240,18,14.3,1 109, 122,27,27.6,23,25.1,6 082,6 271,9.24%,43.7,43.6,37.6,35.7,27.0,26.9,37.7,53.2,41.1,287.4,493.2,249,+7
2020,46,2020-11-12,5 564,4 357,13,14.1,1 165, 123,28,28.4,23,27.4,6 122,6 299,8.10%,43.4,44.0,39.2,37.8,29.3,31.0,38.0,53.7,42.2,295.3,515.5,284,+50
2020,46,2020-11-13,6 730,4 682,30,16.3,1 213, 124,33,29.6,26,28.0,6 164,6 332,9.39%,44.4,47.1,45.2,38.9,30.3,30.8,37.8,60.5,45.3,317.3,541.4,277,+29
2020,46,2020-11-14,3 513,4 548,21,17.0,1 210, 132,38,31.1,32,30.1,6 164,6 370,11.11%,44.0,45.4,44.4,37.5,30.8,33.8,37.7,56.8,44.0,308.3,546.5,288,+45
2020,46,2020-11-15,1 581,4 474,18,17.1,1 215, 132,39,33.6,36,33.0,6 164,6 409,12.29%,42.5,44.3,44.6,35.9,31.2,32.9,34.9,57.0,43.3,303.3,549.2,293,+48
2020,47,2020-11-16,2 544,4 305,22,18.7,1 327, 156,37,33.9,32,35.6,6 164,6 446,11.03%,42.3,43.1,37.3,33.0,31.7,35.2,33.3,57.6,41.7,291.8,558.7,290,+63
2020,47,2020-11-17,4 458,4 300,25,21.0,1 427, 166,44,35.1,39,38.1,6 225,6 490,13.64%,42.7,43.8,37.0,31.4,32.0,33.2,36.2,58.0,41.6,291.4,566.9,286,+46
2020,47,2020-11-18,4 961,4 193,20,21.3,1 473, 178,50,38.4,43,40.3,6 321,6 540,15.87%,40.8,42.5,37.5,32.5,29.5,35.3,35.2,54.8,40.6,284.2,571.6,271,+22
2020,47,2020-11-19,7 609,4 485,22,22.6,1 509, 180,46,41.0,41,43.6,6 340,6 586,14.04%,43.5,42.6,43.2,35.4,34.0,43.6,36.4,55.7,43.4,304.0,599.3,292,+69
2020,47,2020-11-20,5 458,4 303,16,20.6,1 496, 177,45,42.7,44,46.4,6 406,6 631,16.48%,43.4,40.4,38.0,32.5,34.5,49.3,37.6,53.4,41.7,291.7,609.0,267,+18
2020,47,2020-11-21,4 492,4 443,19,20.3,1 495, 179,51,44.6,47,48.9,6 406,6 682,15.82%,42.9,39.0,40.7,35.0,35.8,50.5,39.2,55.3,43.0,301.2,609.4,297,+70
2020,47,2020-11-22,2 422,4 563,29,21.9,1 500, 178,59,47.4,59,51.0,6 406,6 741,20.63%,43.7,40.6,42.6,35.5,35.2,51.3,41.0,57.2,44.2,309.3,612.6,286,+39
2020,48,2020-11-23,3 877,4 754,24,22.1,1 743, 196,55,50.0,52,51.7,6 406,6 796,18.64%,44.3,40.8,46.0,36.7,36.6,55.2,46.0,59.3,46.0,322.2,614.0,279,+29
2020,48,2020-11-24,5 674,4 928,30,22.9,1 741, 206,68,53.4,56,53.6,6 500,6 864,19.31%,44.7,39.8,49.5,39.7,38.4,58.5,47.1,60.3,47.7,334.0,625.4,290,+54
2020,48,2020-11-25,6 066,5 085,24,23.4,1 780, 217,69,56.1,58,52.4,6 555,6 933,19.53%,45.2,42.0,52.6,37.4,42.5,58.8,48.9,63.9,49.2,344.7,628.9,297,+63
2020,48,2020-11-26,6 903,4 985,28,24.3,1 784, 228,60,58.1,46,50.0,6 622,6 993,15.97%,43.2,39.1,47.7,35.9,38.6,56.3,51.5,67.9,48.3,337.9,641.9,288,+39
2020,48,2020-11-27,6 462,5 128,15,24.1,1 762, 229,65,61.0,57,50.3,6 681,7 058,20.58%,41.1,40.1,55.9,36.2,39.4,52.9,51.6,69.8,49.7,347.6,639.3,277,+33
2020,48,2020-11-28,3 825,5 033,22,24.6,1 754, 226,50,60.9,39,51.1,6 681,7 108,15.06%,41.2,39.8,56.0,36.0,37.6,53.1,50.3,66.8,48.7,341.1,642.3,259,+7
2020,48,2020-11-29,2 753,5 080,27,24.3,1 773, 225,50,59.6,42,51.4,6 681,7 158,15.61%,39.9,42.3,56.3,35.6,41.2,59.3,49.3,66.9,49.2,344.3,653.6,269,+37
2020,49,2020-11-30,3 480,5 023,23,24.1,1 876, 237,67,61.3,54,53.6,6 681,7 225,19.35%,38.0,42.9,54.0,37.7,40.5,51.7,47.1,67.2,48.6,340.5,662.7,279,+35
2020,49,2020-12-01,5 819,5 044,19,22.6,1 891, 238,67,61.1,62,53.9,6 798,7 292,19.56%,38.3,43.9,53.1,36.6,40.0,56.4,44.0,69.2,48.8,341.9,675.9,317,+57
2020,49,2020-12-02,6 547,5 113,40,24.9,1 855, 241,71,61.4,60,53.9,6 972,7 363,19.11%,39.2,41.5,54.2,38.1,42.8,58.9,42.5,69.3,49.5,346.5,691.2,314,+55
2020,49,2020-12-03,6 986,5 125,23,24.1,1 789, 254,77,63.9,61,58.1,7 007,7 440,18.60%,38.5,42.0,63.2,36.5,43.9,58.1,41.2,65.6,49.6,347.3,685.2,328,+73
2020,49,2020-12-04,7 338,5 250,17,24.4,1 804, 248,70,64.6,59,56.4,7 067,7 510,19.09%,39.7,42.2,71.6,35.4,46.3,61.6,40.2,64.4,50.8,355.8,703.4,309,+59
2020,49,2020-12-05,4 864,5 398,18,23.9,1 795, 246,43,63.6,39,54.3,7 067,7 553,13.73%,40.7,46.0,73.3,36.7,49.9,61.6,41.3,64.7,52.3,365.9,707.0,284,+28
2020,49,2020-12-06,1 803,5 262,26,23.7,1 800, 248,81,68.0,72,54.3,7 067,7 634,22.71%,39.9,41.7,71.6,38.4,46.5,56.9,40.7,62.9,51.0,356.7,701.0,317,+74
2020,50,2020-12-07,3 782,5 306,27,24.3,1 970, 243,58,66.7,42,56.6,7 067,7 692,14.84%,40.9,40.3,76.1,38.1,46.6,56.9,41.3,61.6,51.4,359.6,700.1,283,+22
2020,50,2020-12-08,7 446,5 538,20,24.4,2 016, 258,54,64.9,47,57.7,7 200,7 746,16.10%,40.7,40.0,82.4,41.4,51.2,56.5,42.5,62.9,53.6,375.4,717.2,292,+35
2020,50,2020-12-09,8 398,5 802,22,21.9,2 055, 258,75,65.4,60,60.3,7 296,7 821,20.20%,42.5,43.6,85.5,44.1,52.2,60.0,43.3,65.9,56.2,393.3,739.8,297,+46
2020,50,2020-12-10,6 693,5 761,32,23.1,2 063, 248,86,66.7,77,59.6,7 354,7 907,23.48%,43.1,43.5,81.9,46.9,52.5,50.2,41.4,65.5,55.8,390.4,737.8,328,+74
2020,50,2020-12-11,7 717,5 815,25,24.3,2 018, 249,89,69.4,67,64.3,7 514,7 996,20.74%,43.6,44.5,74.2,50.7,56.0,53.8,46.4,65.8,56.3,394.1,749.9,323,+79
2020,50,2020-12-12,6 538,6 054,17,24.1,2 013, 252,68,73.0,57,67.4,7 514,8 064,19.06%,42.8,46.1,88.0,50.9,54.0,61.0,46.0,66.4,58.6,410.3,776.2,299,+44
2020,50,2020-12-13,3 057,6 233,22,23.6,2 025, 254,71,71.6,67,71.7,7 514,8 135,22.71%,43.6,47.4,90.3,55.3,53.5,59.4,46.6,67.9,60.4,422.5,779.2,295,+47
2020,51,2020-12-14,3 534,6 198,28,23.7,2 206, 250,94,76.7,75,74.6,7 514,8 229,22.66%,43.7,48.0,85.8,56.3,52.5,61.1,44.2,68.8,60.0,420.1,779.7,331,+79
2020,51,2020-12-15,7 001,6 134,32,25.4,2 262, 261,88,81.6,69,73.4,7 667,8 317,21.10%,44.7,49.2,85.3,54.1,49.8,62.2,45.9,67.6,59.4,415.8,791.1,327,+77
2020,51,2020-12-16,8 824,6 195,24,25.7,2 282, 262,102,85.4,90,74.1,7 802,8 419,25.79%,43.4,51.6,94.4,51.8,46.2,65.2,47.1,66.9,60.0,419.9,813.2,349,+100
2020,51,2020-12-17,9 640,6 616,27,25.0,2 273, 270,116,89.7,97,75.4,7 893,8 535,27.09%,44.0,55.0,101.0,58.7,59.6,74.4,46.8,66.4,64.1,448.4,838.9,358,+113
2020,51,2020-12-18,7 917,6 644,29,25.6,2 274, 280,71,87.1,59,74.3,7 993,8 606,20.07%,42.4,57.3,101.1,63.0,61.7,72.3,40.4,65.2,64.3,450.4,844.5,294,+34
2020,51,2020-12-19,5 509,6 497,22,26.3,2 281, 280,80,88.9,62,75.4,7 993,8 686,19.81%,44.0,56.5,86.1,66.6,66.5,65.5,41.0,63.9,62.9,440.4,850.7,313,+61
2020,51,2020-12-20,3 752,6 597,25,26.7,2 281, 283,94,92.1,76,73.4,7 993,8 780,23.24%,45.1,55.9,92.6,65.3,71.4,65.0,40.9,62.8,63.9,447.1,869.6,327,+71
2020,52,2020-12-21,5 160,6 829,32,27.3,2 465, 294,76,89.6,67,70.6,7 993,8 856,20.68%,46.2,55.3,106.7,66.8,71.1,64.8,42.0,61.4,66.1,462.9,882.9,324,+51
2020,52,2020-12-22,6 595,6 771,36,27.9,2 453, 300,93,90.3,77,74.7,8 167,8 949,24.44%,43.7,58.8,105.0,69.0,71.8,63.7,37.0,59.8,65.6,458.9,874.7,315,+69
2020,52,2020-12-23,11 376,7 136,22,27.6,2 416, 303,87,88.1,76,77.6,8 279,9 036,24.36%,46.3,60.8,110.6,78.3,76.9,60.2,40.2,58.8,69.1,483.6,903.5,312,+59
2020,52,2020-12-24,5 036,6 478,19,26.4,2 408, 303,88,84.1,77,78.4,8 279,9 124,23.55%,45.7,57.7,104.5,63.5,65.6,53.7,36.3,55.4,62.7,439.1,887.5,327,+54
2020,52,2020-12-25,2 793,5 746,31,26.7,2 406, 306,106,89.1,88,84.6,8 279,9 230,26.75%,43.2,51.0,96.5,54.6,55.0,42.8,32.9,48.1,55.6,389.5,839.8,329,+66
2020,52,2020-12-26,2 966,5 383,34,28.4,2 411, 305,94,91.1,82,82.3,8 279,9 324,22.84%,38.1,43.0,95.9,52.7,46.5,36.7,26.7,46.8,52.1,364.8,805.2,359,+91
2020,52,2020-12-27,3 208,5 305,32,29.4,2 423, 311,99,91.9,82,83.0,8 279,9 423,23.43%,38.7,46.0,89.9,52.3,45.6,44.3,29.5,44.8,51.4,359.6,806.7,350,+105
2020,53,2020-12-28,7 091,5 581,40,30.6,2 589, 333,121,98.3,110,85.6,8 279,9 544,29.10%,39.6,46.6,88.9,61.9,49.6,43.9,32.6,45.8,54.0,378.3,841.1,378,+121
2020,53,2020-12-29,8 872,5 906,42,31.4,2 555, 344,73,95.4,61,83.9,8 484,9 617,19.37%,43.9,50.0,96.1,63.7,50.2,47.5,36.6,47.2,57.2,400.3,859.2,315,+45
2020,53,2020-12-30,10 459,5 775,30,32.6,2 568, 339,90,95.9,81,84.3,8 727,9 707,25.00%,45.2,50.9,91.3,64.5,54.8,44.1,29.7,43.3,55.9,391.4,875.1,324,+59
2020,53,2020-12-31,6 999,6 055,35,34.9,2 572, 336,110,99.0,95,83.9,8 727,9 817,27.94%,47.4,56.8,92.8,72.0,54.6,53.3,36.6,41.0,58.6,410.4,849.5,340,+70
2021,53,2021-01-01,2 618,6 030,35,35.4,2 568, 335,87,96.3,76,79.0,8 727,9 904,23.53%,47.0,54.9,96.4,73.1,51.5,52.4,37.0,38.8,58.4,408.7,798.2,323,+32
2021,53,2021-01-02,2 531,5 968,18,33.1,2 573, 334,99,97.0,85,82.3,8 727,10 003,23.88%,47.6,56.2,94.5,71.8,51.2,51.5,37.1,37.8,57.8,404.5,769.4,356,+66
2021,53,2021-01-03,2 754,5 903,34,33.4,2 603, 348,83,94.7,79,80.3,8 727,10 086,23.37%,46.3,56.2,93.9,70.9,50.5,53.2,34.4,37.7,57.2,400.1,759.7,338,+48
2021,1,2021-01-04,6 984,5 888,18,30.3,2 644, 361,86,89.7,76,79.4,8 727,10 172,24.84%,48.2,58.9,96.7,65.0,50.2,50.6,33.6,38.7,57.0,399.1,777.4,306,+28
2021,1,2021-01-05,7 546,5 699,36,29.4,2 630, 368,93,92.6,84,80.6,8 985,10 265,23.73%,47.5,57.3,94.1,62.9,51.5,49.1,30.0,36.0,55.2,386.3,786.6,354,+74
2021,1,2021-01-06,5 029,4 923,27,29.0,2 591, 372,82,91.4,67,79.0,8 985,10 347,19.88%,42.6,52.1,77.8,52.9,40.7,49.7,33.2,31.0,47.7,333.7,725.1,337,+66
2021,1,2021-01-07,7 151,4 945,23,27.3,2 532, 377,103,90.4,89,78.9,9 262,10 450,26.41%,38.3,47.3,83.3,61.1,32.0,38.6,25.6,32.8,47.9,335.2,745.6,337,+48
2021,1,2021-01-08,5 696,5 384,30,26.6,2 479, 374,99,92.1,84,79.6,9 433,10 549,24.71%,40.8,57.0,87.5,64.7,37.0,47.3,28.0,36.3,52.1,365.0,773.7,340,+57
2021,1,2021-01-09,4 736,5 699,24,27.4,2 472, 373,89,90.7,74,79.1,9 433,10 638,24.92%,45.4,63.8,98.0,62.8,42.8,52.8,33.2,34.6,55.2,386.3,790.8,297,+27
2021,1,2021-01-10,2 317,5 637,27,26.4,2 486, 372,92,92.0,78,81.7,9 433,10 730,23.49%,44.2,60.2,100.8,62.5,40.3,43.8,32.9,34.9,54.6,382.1,782.2,332,+55
2021,2,2021-01-11,4 648,5 303,24,27.3,2 445, 383,89,92.4,81,82.0,9 433,10 819,24.40%,41.5,57.7,95.2,59.9,36.4,43.5,30.8,31.5,51.4,359.5,758.6,332,+49
2021,2,2021-01-12,5 340,4 988,33,26.9,2 390, 369,88,91.7,81,81.1,9 667,10 907,25.08%,38.5,53.8,84.5,60.0,32.8,43.0,32.0,29.9,48.3,338.1,724.4,323,+39
2021,2,2021-01-13,6 596,5 212,18,25.6,2 374, 365,91,93.0,85,80.4,9 834,10 998,24.71%,37.7,51.8,99.5,64.3,30.5,38.7,29.0,29.3,50.5,353.3,686.9,344,+69
2021,2,2021-01-14,4 747,4 869,26,26.0,2 280, 354,96,92.0,91,77.9,10 185,11 094,27.00%,37.7,51.1,89.9,56.5,33.9,40.8,31.1,26.1,47.1,330.0,665.1,337,+66
2021,2,2021-01-15,4 205,4 656,15,23.9,2 222, 355,89,90.6,78,76.0,10 323,11 183,26.09%,37.5,45.4,85.1,56.0,31.7,36.6,30.7,24.4,45.1,315.6,680.5,299,+8
2021,2,2021-01-16,2 162,4 288,20,23.3,2 216, 354,82,89.6,69,76.3,10 323,11 265,21.04%,32.2,42.0,76.2,54.8,28.1,34.4,28.6,23.0,41.5,290.6,676.9,328,+44
2021,2,2021-01-17,1 250,4 135,17,21.9,2 181, 352,61,85.1,60,74.4,10 323,11 326,18.87%,32.2,41.6,72.2,52.0,26.2,33.6,28.2,22.6,40.0,280.3,662.4,318,+40
2021,3,2021-01-18,2 116,3 774,27,22.3,2 166, 347,73,82.9,68,72.9,10 323,11 399,21.38%,31.1,40.3,61.4,46.0,26.0,34.1,27.4,21.1,36.5,255.8,615.2,318,+45
2021,3,2021-01-19,4 732,3 687,30,21.9,2 060, 339,92,83.4,83,69.0,10 591,11 491,23.71%,29.4,39.1,65.5,42.7,24.9,30.4,25.4,20.7,35.7,249.9,588.0,350,+74
2021,3,2021-01-20,4 949,3 452,16,21.6,1 951, 328,87,82.9,72,65.9,10 797,11 578,20.93%,28.5,38.2,52.5,42.0,24.5,31.8,26.1,20.6,33.4,233.9,587.2,344,+64
2021,3,2021-01-21,4 199,3 373,16,20.1,1 894, 316,88,81.7,80,63.4,10 921,11 666,26.32%,27.6,37.7,52.7,39.3,22.5,31.4,27.1,20.8,32.7,228.6,558.6,304,+31
2021,3,2021-01-22,3 723,3 304,15,20.1,1 846, 305,59,77.4,51,61.3,11 005,11 725,15.45%,27.4,37.3,51.7,37.6,21.9,29.3,27.4,20.9,32.0,224.0,539.5,330,+52
2021,3,2021-01-23,2 368,3 334,11,18.9,1 832, 303,63,74.7,47,58.6,11 005,11 788,15.02%,28.3,38.1,52.3,37.2,21.9,28.6,26.2,21.4,32.3,226.0,516.6,313,+43
2021,3,2021-01-24,1 147,3 319,10,17.9,1 847, 294,51,73.3,43,55.4,11 005,11 839,15.36%,28.0,37.2,52.2,37.5,21.4,29.2,26.4,21.3,32.1,225.0,505.3,280,+7
2021,4,2021-01-25,1 885,3 286,28,18.0,1 850, 282,59,71.3,53,50.6,11 005,11 898,18.15%,26.4,37.5,50.9,38.6,20.8,29.4,25.6,21.1,31.8,222.7,478.5,292,+2
2021,4,2021-01-26,4 189,3 209,18,16.3,1 788, 280,66,67.6,64,51.1,11 247,11 964,21.92%,26.1,36.6,46.0,38.7,20.9,27.0,26.2,21.8,31.1,217.5,467.4,292,+23
2021,4,2021-01-27,4 106,3 088,13,15.9,1 707, 275,54,62.9,50,51.3,11 425,12 018,16.78%,24.3,37.1,45.2,36.8,18.5,26.3,25.3,21.1,29.9,209.3,443.3,298,+30
2021,4,2021-01-28,2 371,2 827,10,15.0,1 659, 272,56,58.3,46,50.9,11 520,12 074,15.44%,22.9,35.9,38.2,33.4,16.9,25.7,24.0,20.1,27.4,191.6,420.3,298,+33
2021,4,2021-01-29,4 254,2 903,15,15.0,1 601, 261,58,58.1,55,49.3,11 591,12 132,17.74%,21.8,35.8,38.1,36.9,16.7,27.3,23.7,21.0,28.1,196.8,420.7,310,+31
2021,4,2021-01-30,2 695,2 950,16,15.7,1 597, 261,57,57.3,48,45.1,11 591,12 189,17.02%,22.2,34.2,39.9,37.5,17.8,27.3,24.9,21.0,28.6,199.9,425.9,282,+15
2021,4,2021-01-31,1 164,2 952,9,15.6,1 545, 261,39,55.6,40,44.4,11 591,12 228,13.79%,22.7,34.5,40.1,36.6,18.0,27.6,24.7,21.1,28.6,200.1,425.1,290,+25
2021,5,2021-02-01,1 552,2 904,14,13.6,1 523, 248,46,53.7,42,42.0,11 591,12 274,15.00%,21.8,33.7,38.7,35.9,18.1,27.5,23.8,21.7,28.1,196.9,419.6,280,+4
2021,5,2021-02-02,4 317,2 923,12,12.7,1 491, 248,43,50.4,35,38.1,11 815,12 317,13.62%,21.0,33.5,39.3,39.0,16.4,29.6,24.8,20.2,28.3,198.1,415.6,257,-11
2021,5,2021-02-03,3 737,2 870,14,12.9,1 382, 247,52,50.1,45,35.7,11 939,12 369,17.37%,21.1,31.8,38.4,36.6,18.5,29.2,28.4,19.7,27.8,194.5,403.8,259,-22
2021,5,2021-02-04,3 397,3 017,11,13.0,1 356, 246,30,46.4,29,33.6,12 028,12 399,10.18%,21.9,30.4,40.7,39.1,21.0,29.7,30.0,20.7,29.2,204.5,396.1,285,+13
2021,5,2021-02-05,3 260,2 875,22,14.0,1 269, 242,36,43.3,28,32.3,12 115,12 435,11.52%,21.2,30.1,37.6,35.6,21.4,30.1,31.1,20.1,27.8,194.8,391.6,243,-23
2021,5,2021-02-06,2 333,2 823,20,14.6,1 255, 243,33,39.9,31,31.1,12 115,12 468,11.44%,20.6,29.4,35.0,36.0,20.7,31.7,34.0,19.2,27.3,191.3,391.3,271,+7
2021,5,2021-02-07,1 013,2 801,13,15.1,1 270, 242,28,38.3,25,27.7,12 115,12 496,10.00%,20.3,29.2,33.8,36.0,20.8,31.2,34.4,19.4,27.1,189.9,390.0,250,-26
2021,6,2021-02-08,1 505,2 795,16,15.4,1 257, 235,39,37.3,33,27.3,12 115,12 535,11.83%,20.2,29.3,32.5,36.0,20.5,29.9,35.2,20.1,27.1,189.4,386.3,279,+9
2021,6,2021-02-09,4 070,2 759,19,16.4,1 218, 231,25,34.7,27,26.9,12 188,12 560,10.42%,20.9,28.7,28.5,35.1,23.2,29.1,39.1,20.0,26.7,187.0,385.1,259,-15
2021,6,2021-02-10,4 353,2 847,12,16.1,1 164, 231,27,31.1,21,25.0,12 326,12 587,7.24%,20.5,29.0,29.3,37.8,23.0,28.7,38.3,21.3,27.6,193.0,387.5,290,+13
2021,6,2021-02-11,3 807,2 906,13,16.4,1 162, 233,33,31.6,26,24.1,12 370,12 620,10.48%,19.9,31.0,30.3,38.6,22.3,27.7,38.9,22.5,28.1,197.0,401.4,248,-24
2021,6,2021-02-12,3 569,2 950,15,15.4,1 118, 221,28,30.4,25,22.3,12 428,12 648,8.96%,20.3,30.3,30.5,38.7,22.8,27.3,41.7,23.3,28.6,199.9,394.8,279,-3
2021,6,2021-02-13,2 771,3 013,17,15.0,1 112, 222,25,29.3,18,21.0,12 428,12 673,7.35%,21.2,31.3,30.7,39.8,23.3,26.4,41.1,23.9,29.2,204.2,395.5,245,-32
2021,6,2021-02-14,1 211,3 041,14,15.1,1 114, 222,28,29.3,19,21.1,12 428,12 701,7.34%,21.4,31.2,30.7,40.9,23.1,26.3,41.5,24.0,29.4,206.1,396.0,259,-9
2021,7,2021-02-15,1 902,3 098,17,15.3,1 146, 224,23,27.0,20,19.3,12 428,12 724,7.75%,21.4,31.7,31.3,41.6,24.0,26.0,40.9,25.1,30.0,210.0,399.4,258,-10
2021,7,2021-02-16,4 206,3 117,19,15.3,1 104, 230,22,26.6,18,18.9,12 487,12 746,6.79%,21.2,31.9,34.0,40.9,21.4,22.0,45.2,25.5,30.2,211.3,398.3,265,-14
2021,7,2021-02-17,4 965,3 204,12,15.3,1 100, 228,34,27.6,22,18.7,12 569,12 780,8.70%,22.3,33.3,31.4,40.9,23.6,24.9,48.0,27.6,31.0,217.2,410.2,253,-24
2021,7,2021-02-18,4 135,3 251,12,15.1,1 065, 211,17,25.3,13,18.6,12 598,12 797,5.04%,23.5,32.4,30.5,39.5,26.5,24.7,52.5,28.9,31.5,220.4,417.3,258,-14
2021,7,2021-02-19,4 028,3 317,18,15.6,1 050, 207,25,24.9,22,18.7,12 649,12 822,9.05%,23.5,32.9,31.3,40.3,27.9,24.5,53.3,29.6,32.1,224.8,424.8,243,-46
2021,7,2021-02-20,2 781,3 318,20,16.0,1 048, 205,29,25.4,17,17.1,12 649,12 851,5.84%,23.7,32.5,31.4,39.6,28.0,24.6,54.7,29.9,32.1,224.9,429.1,291,-1
2021,7,2021-02-21,1 599,3 374,12,15.7,1 052, 206,22,24.6,18,17.0,12 649,12 873,6.84%,23.5,32.6,31.6,41.2,28.2,25.2,55.0,30.5,32.7,228.7,434.8,263,-28
2021,8,2021-02-22,2 543,3 465,19,16.0,1 143, 214,25,24.9,21,17.9,12 649,12 898,7.98%,24.5,32.4,30.8,43.7,28.5,24.8,56.6,31.7,33.6,234.9,444.8,263,-21
2021,8,2021-02-23,5 407,3 637,24,16.7,1 119, 219,13,23.6,7,16.6,12 713,12 911,2.77%,24.7,34.5,30.4,44.8,31.4,29.1,56.7,35.6,35.2,246.5,457.8,253,-36
2021,8,2021-02-24,4 978,3 639,20,17.9,1 108, 225,26,22.4,21,16.1,12 793,12 937,7.55%,25.1,32.8,30.4,46.0,31.1,26.9,56.3,35.4,35.2,246.6,463.8,278,-1
2021,8,2021-02-25,4 831,3 738,14,18.1,1 078, 232,19,22.7,19,16.4,12 798,12 956,6.76%,25.2,33.8,29.4,51.9,30.7,27.6,55.4,35.0,36.2,253.4,473.7,281,-7
2021,8,2021-02-26,4 583,3 817,16,17.9,1 098, 223,18,21.7,13,16.9,12 826,12 974,5.51%,25.2,34.3,28.8,53.0,33.0,26.7,55.1,37.0,37.0,258.7,483.6,236,-50
2021,8,2021-02-27,3 107,3 864,19,17.7,1 095, 223,18,20.1,14,19.3,12 826,12 992,5.83%,25.9,34.8,28.2,53.3,33.5,27.4,54.5,38.2,37.4,261.9,486.8,240,-31
2021,8,2021-02-28,1 243,3 813,21,19.0,1 109, 222,25,20.6,20,18.0,12 826,13 017,8.13%,26.0,34.7,28.2,50.9,33.9,27.1,54.2,38.1,36.9,258.5,487.1,246,-30
2021,9,2021-03-01,2 829,3 854,17,18.7,1 217, 236,24,20.4,24,17.6,12 826,13 041,,26.4,35.0,28.7,49.4,35.7,27.2,56.6,39.2,37.3,261.2,496.1,239,-45
2021,9,2021-03-02,6 191,3 966,19,18.0,1 213, 231,23,21.9,24,17.6,12 882,13 064,,28.2,33.9,29.7,52.0,39.8,25.6,57.3,38.7,38.4,268.8,515.3,240,-37
2021,9,2021-03-03,4 876,3 951,21,18.1,1 194, 238,19,20.9,12,17.1,12 964,13 083,,27.9,34.7,28.6,50.6,41.6,26.9,57.6,39.0,38.3,267.8,514.5,259,-32
2021,9,2021-03-04,4 884,3 959,18,18.7,1 177, 235,19,20.9,16,16.7,12 977,13 102,,29.1,34.0,28.9,48.4,43.1,28.0,56.9,39.9,38.3,268.3,521.7,218,-71
2021,9,2021-03-05,4 070,3 886,28,20.4,1 175, 232,14,20.3,13,15.9,13 003,13 116,,30.5,33.5,27.7,46.9,42.2,29.7,55.7,38.3,37.6,263.4,522.1,225,-53
2021,9,2021-03-06,3 455,3 935,17,20.1,1 175, 232,12,19.4,11,14.7,13 003,13 128,,29.2,35.0,27.1,47.4,44.8,30.3,56.4,39.5,38.1,266.7,528.6,229,-60
2021,9,2021-03-07,1 451,3 965,15,19.3,1 199, 236,17,18.3,17,15.0,13 003,13 145,,30.7,35.1,28.3,45.6,44.2,29.9,59.7,40.1,38.4,268.8,527.2,241,-32
2021,10,2021-03-08,1 984,3 844,14,18.9,1 259, 239,24,18.3,18,,13 003,13 169,,30.0,34.3,26.5,44.4,41.6,30.3,57.4,39.3,37.2,260.6,521.8,257,-8
2021,10,2021-03-09,5 928,3 807,26,19.9,1 258, 229,20,17.9,16,,13 042,13 189,,29.9,35.8,27.4,42.3,41.5,31.4,53.4,39.3,36.9,258.0,526.8,248,-28
2021,10,2021-03-10,5 329,3 872,18,19.4,1 244, 228,20,18.0,14,,13 088,13 209,,30.5,35.7,26.6,42.1,42.9,32.7,51.1,42.1,37.5,262.4,530.2,258,-13
2021,10,2021-03-11,5 334,3 936,22,20.0,1 232, 225,15,17.4,15,,13 111,13 224,,31.0,36.1,25.8,44.3,43.4,32.7,48.5,43.3,38.1,266.8,535.1,224,-39
2021,10,2021-03-12,4 996,4 068,20,18.9,1 254, 242,19,18.1,13,,13 146,13 243,,31.1,37.2,25.9,47.7,44.1,32.7,47.8,45.2,39.4,275.7,539.1,282,+14
2021,10,2021-03-13,3 953,4 139,27,20.3,1 254, 243,19,19.1,12,,13 146,13 262,,32.9,38.0,27.3,47.7,45.3,31.8,44.7,46.1,40.1,280.6,547.3,253,-18
2021,10,2021-03-14,1 040,4 081,23,21.4,1 295, 244,22,19.9,18,,13 146,13 284,,31.9,37.8,25.1,47.5,46.9,33.5,41.6,46.0,39.5,276.6,545.3,273,+8
2021,11,2021-03-15,2 717,4 185,27,23.3,1 384, 259,21,19.4,13,,13 146,13 305,,32.1,37.6,25.6,50.2,47.9,33.5,40.0,47.5,40.5,283.7,544.3,236,-37
2021,11,2021-03-16,6 786,4 308,25,23.1,1 357, 259,15,18.7,11,,13 172,13 320,,33.8,38.5,26.8,50.2,48.4,35.2,38.6,50.2,41.7,292.0,550.0,256,-12
2021,11,2021-03-17,6 432,4 465,20,23.4,1 320, 265,19,18.6,17,,13 228,13 339,,34.7,41.4,27.2,54.4,48.2,35.1,41.2,50.8,43.2,302.7,565.1,239,-34
2021,11,2021-03-18,5 740,4 523,19,23.0,1 335, 267,18,19.0,13,,13 236,13 357,,36.4,44.0,27.9,52.2,50.3,37.4,45.8,50.4,43.8,306.6,573.4,218,-40
2021,11,2021-03-19,5 406,4 582,27,24.0,1 339, 267,11,17.9,7,,13 262,13 368,,37.7,45.7,28.5,50.8,51.5,41.1,47.5,50.6,44.4,310.6,586.3,225,-35
2021,11,2021-03-20,4 380,4 643,28,24.1,1 337, 270,25,18.7,15,,13 262,13 393,,38.9,46.9,29.0,53.6,51.6,42.3,47.2,49.0,45.0,314.7,595.3,254,-13
2021,11,2021-03-21,1 579,4 720,19,23.6,1 347, 273,18,18.1,17,,13 262,13 411,,40.3,47.5,29.5,55.2,51.0,40.9,48.5,49.5,45.7,319.9,596.5,244,-15
2021,12,2021-03-22,2 689,4 716,28,23.7,1 440, 289,16,17.4,16,,13 262,13 427,,41.6,48.0,29.2,55.6,53.2,40.8,49.2,47.0,45.7,319.6,603.3,257,-2
2021,12,2021-03-23,7 654,4 840,18,22.7,1 452, 276,14,17.3,8,,13 315,13 441,,42.7,48.8,28.7,58.8,54.9,38.5,47.4,48.9,46.9,328.1,620.0,236,-20
2021,12,2021-03-24,7 711,5 023,30,24.1,1 428, 279,15,16.7,5,,13 357,13 456,,44.4,52.2,32.0,60.5,57.2,42.3,42.7,50.1,48.6,340.4,643.1,234,-20
2021,12,2021-03-25,6 370,5 113,26,25.1,1 410, 304,22,17.3,4,,13 373,13 478,,45.9,52.3,32.4,63.6,56.6,43.8,36.7,51.1,49.5,346.5,653.1,261,+23
2021,12,2021-03-26,6 295,5 240,30,25.6,1 416, 295,22,18.9,,,13 402,13 500,,47.1,54.6,33.7,66.1,56.3,41.8,34.4,52.7,50.7,355.1,665.7,264,-1
2021,12,2021-03-27,5 197,5 356,21,24.6,1 411, 295,19,18.0,,,13 402,13 519,,47.6,56.3,34.4,66.9,56.4,43.8,34.5,55.1,51.9,363.1,677.8,230,-34
2021,12,2021-03-28,1 983,5 414,24,25.3,1 421, 297,17,17.9,,,13 402,13 536,,49.2,56.6,35.6,67.3,58.3,44.4,34.9,54.2,52.4,367.0,686.9,219,-40
2021,13,2021-03-29,2 966,5 454,27,25.1,1 442, 301,23,18.9,,,13 402,13 559,,51.5,56.2,35.5,66.3,56.4,44.5,34.8,56.0,52.8,369.7,689.3,246,-12
2021,13,2021-03-30,8 468,5 570,30,26.9,1 580, 302,16,19.1,,,13 430,,,53.9,61.1,37.0,65.1,57.0,48.6,34.5,56.6,53.9,377.5,705.6,233,-33
2021,13,2021-03-31,8 297,5 654,37,27.9,1 548, 322,23,20.3,,,13 465,,,56.6,59.3,36.2,65.0,56.8,52.0,36.2,58.6,54.7,383.2,723.6,246,-13
2021,13,2021-04-01,6 978,5 741,31,28.6,1 539, 332,25,20.7,,,13 498,,,57.6,62.0,37.1,64.0,54.6,55.2,39.6,60.4,55.6,389.1,735.6,229,-30
2021,13,2021-04-02,6 846,5 819,32,28.9,1 542, 331,22,20.7,,,13 498,,,59.7,63.1,37.8,62.5,59.0,57.6,42.2,60.1,56.3,394.4,749.6,245,-21
2021,13,2021-04-03,3 407,5 564,29,30.0,1 554, 331,18,20.6,,,13 498,,,58.3,53.4,36.2,60.7,56.5,55.9,39.7,58.2,53.9,377.1,740.2,220,-41
2021,13,2021-04-04,1 449,5 487,34,31.4,1 563, 329,14,20.1,,,13 498,,,57.9,53.0,35.3,59.5,53.2,55.0,38.7,58.6,53.1,371.9,738.9,231,-32
2021,14,2021-04-05,3 110,5 508,32,32.1,1 557, 346,23,20.1,,,13 498,,,57.4,53.1,35.2,58.6,53.7,57.1,39.3,59.9,53.3,373.3,743.0,228,-23
2021,14,2021-04-06,6 815,5 272,30,32.1,1 700, 352,12,19.6,,,13 533,,,56.5,46.3,32.1,56.3,54.6,56.4,38.3,57.3,51.0,357.3,734.8,219,-34
2021,14,2021-04-07,7 833,5 205,39,32.4,1 711, 358,22,19.4,,,13 578,,,56.0,50.9,35.8,51.9,57.5,56.4,40.7,52.9,50.4,352.8,736.0,230,-40
2021,14,2021-04-08,7 758,5 317,40,33.7,1 703, 359,22,19.0,,,13 595,,,58.0,52.3,38.1,52.2,63.7,61.0,40.2,51.1,51.5,360.4,749.5,247,0
2021,14,2021-04-09,7 631,5 429,40,34.9,1 718, 367,23,19.1,,,13 621,,,57.9,53.2,38.8,54.8,62.2,66.7,37.9,52.9,52.6,368.0,762.4,275,+33
2021,14,2021-04-10,5 628,5 746,37,36.0,1 725, 368,11,18.1,,,13 621,,,58.3,63.2,41.1,54.9,68.0,77.6,42.4,56.0,55.6,389.5,766.6,233,-14
2021,14,2021-04-11,2 390,5 881,30,35.4,1 722, 376,15,18.3,,,13 621,,,60.4,63.3,42.5,56.0,70.5,77.6,46.5,56.4,56.9,398.6,770.5,230,-7
2021,15,2021-04-12,3 475,5 933,36,36.0,1 771, 394,17,17.4,,,13 621,,,60.7,64.0,43.5,59.2,69.5,76.3,49.7,54.6,57.4,402.1,775.4,218,-35
2021,15,2021-04-13,8 875,6 227,41,37.6,1 790, 387,19,18.4,,,13 660,,,61.4,70.2,48.2,59.3,70.5,86.7,56.0,57.5,60.3,422.1,779.4,235,-22
2021,15,2021-04-14,7 100,6 122,28,36.0,1 744, 390,28,19.3,,,13 720,,,60.3,65.2,44.7,61.6,66.7,86.3,52.8,58.2,59.3,415.0,767.8,235,-18
2021,15,2021-04-15,7 669,6 110,36,35.4,1 745, 386,25,19.7,,,13 761,,,59.7,62.4,43.4,62.4,63.3,86.5,52.9,60.6,59.2,414.1,774.5,250,+7
2021,15,2021-04-16,6 442,5 940,40,35.4,1 745, 397,14,18.4,,,13 788,,,61.4,59.5,42.8,58.0,60.3,84.5,51.5,59.1,57.5,402.6,770.6,212,42
2021,15,2021-04-17,4 987,5 848,37,35.4,1 743, 397,18,19.4,,,13 788,,,62.3,59.7,42.0,58.4,56.5,81.8,48.9,57.0,56.6,396.4,785.9,194,68
2021,15,2021-04-18,2 514,5 866,29,35.3,1 749, 397,16,19.6,,,13 788,,,63.3,60.1,41.8,58.3,56.8,82.0,47.9,57.3,56.8,397.6,796.2,243,0
2021,16,2021-04-19,2 716,5 758,29,34.3,1 807, 420,15,19.3,,,13 788,,,63.2,60.0,41.7,54.8,56.9,82.1,47.3,55.9,55.7,390.2,792.4,226,15
2021,16,2021-04-20,7 542,5 567,33,33.1,1 772, 415,24,20.0,,,13 825,,,62.9,58.3,40.5,55.1,54.2,82.8,42.8,51.1,53.9,377.3,799.4,221,31
2021,16,2021-04-21,7 711,5 654,31,33.6,1 735, 409,21,19.0,,,13 863,,,65.2,58.5,41.0,56.6,53.7,83.9,44.5,51.1,54.8,383.3,798.2,231,22
2021,16,2021-04-22,6 251,5 452,29,32.6,1 736, 415,16,17.7,,,13 882,,,63.9,58.1,41.6,50.7,53.1,81.7,43.0,49.3,52.8,369.5,783.6,186,
2021,16,2021-04-23,5 509,5 319,31,31.3,1 703, 398,15,17.9,,,13 923,,,60.0,58.3,40.5,49.9,52.7,79.6,44.0,48.0,51.5,360.5,763.1,155,
2021,16,2021-04-24,4 569,5 259,22,29.1,1 695, 396,10,16.7,,,13 923,,,60.3,56.5,41.2,47.0,52.3,77.0,45.9,48.3,50.9,356.4,752.8,126,
2021,16,2021-04-25,1 758,5 151,36,30.1,1 707, 395,18,17.0,,,13 923,,,57.1,56.2,41.5,45.3,51.8,77.1,43.1,48.2,49.9,349.1,746.7,106,
2021,17,2021-04-26,3 072,5 202,26,29.7,1 688, 406,8,16.0,,,13 923,,,57.2,55.9,41.8,45.8,51.3,76.8,41.6,50.3,50.4,352.6,742.8,60,
2021,17,2021-04-27,7 277,5 164,28,29.0,1 624, 391,16,14.9,,,13 968,,,55.8,57.3,42.7,45.8,50.7,75.0,42.3,49.0,50.0,350.0,727.3,53,
2021,17,2021-04-28,7 151,5 084,22,27.7,1 578, 399,11,13.4,,,14 000,,,54.0,57.3,43.2,43.3,49.4,71.6,40.5,50.1,49.2,344.6,727.8,39,
2021,17,2021-04-29,5 944,5 040,26,27.3,1 561, 393,9,12.4,,,14 002,,,53.4,57.0,43.1,43.1,47.8,68.9,43.5,49.4,48.8,341.6,711.1,13,
2021,17,2021-04-30,5 442,5 030,31,27.3,1 557, 386,6,11.1,,,14 048,,,53.9,57.3,44.5,42.0,46.3,68.2,46.6,48.6,48.7,341.0,701.5,,
2021,17,2021-05-01,4 757,5 057,25,27.7,1 557, 386,2,10.0,,,14 048,,,53.8,57.3,45.0,41.7,45.3,66.7,46.6,50.2,49.0,342.8,699.2,,
2021,17,2021-05-02,1 718,5 052,27,26.4,1 570, 381,1,7.6,,,14 048,,,54.0,57.8,44.8,42.8,43.0,66.6,45.0,50.2,48.9,342.4,691.5,,
2021,18,2021-05-03,3 074,5 052,24,26.1,1 512, 391,4,7.0,,,14 048,,,53.4,57.5,44.7,42.2,45.1,66.3,45.4,50.4,48.9,342.4,695.0,,
2021,18,2021-05-04,7 038,5 018,13,24.0,1 483, 396,0,4.7,,,14 091,,,53.8,58.9,45.5,40.3,43.8,62.7,47.6,49.9,48.6,340.1,690.1,,
,,,,,,,,,,,,,14 151,,,,,,,,,,,,,,,
