Kommun,Population,14 days Cumulative Cases per 10k Population,Total Confirmed Cases,Total % of Population Infected,Total Deaths,Deaths per 10k Population,% Vaccinated - Dose 1,% Vaccinated - Dose 2,Vaccinated - Dose 1,Vaccinated - Dose 2,Week 6,Week 7,Week 8,Week 9,Week 10,Week 11,Week 12,Week 13,Week 14,Week 15,Week 16,Week 17,Change Rate,Case Notification rate per 10k Population Previous Week,Region
Ale,31760,70.8,3906,12.3%,23,7.2,21.5%,5.4%,5181,1312,171,152,173,103,162,147,146, 149, 151, 153, 101, 124,1.2,80.0,Västra Götaland
Alingsås,41633,70.4,4194,10.1%,72,17.3,30.2%,8.4%,9785,2712,60,101,232,133,142,131,167, 128, 184, 212, 135, 158,1.2,83.3,Västra Götaland
Alvesta,20217,107.3,1709,8.5%,38,18.8,37.7%,9.2%,5812,1417,33,29,26,22,15,27,24, 36, 59, 62, 113, 104,0.9,86.6,Kronoberg
Aneby,6796,35.3,544,8.0%,3,4.4,41.3%,7.8%,2201,415,7,17,24,16,11,12,23, 21,18, 18, 13, 11,0.8,45.6,Jönköping
Arboga,14013,74.2,1182,8.4%,15,10.7,44.3%,11.3%,5032,1285,15,17,21,59,76,54,47, 48, 52, 62, 50, 54,1.1,79.9,Västmanland
Arjeplog,2712,44.2,122,4.5%,6,22.1,48.0%,15.8%,1090,358,9,7,6,2,4,3,3, 3, 2, 7, 5, 7,1.4,44.2,Norrbotten
Arvidsjaur,6155,160.8,303,4.9%,3,4.9,44.7%,14.2%,2246,713,9,6,1,0,1,6,8, 8, 18, 54, 65, 34,0.5,193.3,Norrbotten
Arvika,25932,130.3,1717,6.6%,22,8.5,47.1%,12.8%,9890,2693,35,36,17,28,21,37,31, 44, 152, 179, 200, 138,0.7,146.2,Värmland
Askersund,11431,63.9,655,5.7%,3,2.6,42.7%,14.1%,3987,1319,17,11,13,25,16,11,23, 29, 61, 41, 34, 39,1.1,65.6,Örebro
Avesta,23100,70.6,2021,8.7%,24,10.4,42.9%,10.6%,7909,1946,8,8,21,22,44,43,71, 94, 162, 150, 118, 45,0.4,116.0,Dalarna
Bengtsfors,9605,53.1,715,7.4%,12,12.5,45.3%,12.3%,3558,963,13,7,6,12,10,23,28, 19, 19, 26, 31, 20,0.6,59.3,Västra Götaland
Berg,7113,75.9,597,8.4%,8,11.2,43.0%,14.4%,2460,827,17,4,12,20,18,23,11, 53, 77, 31, 30, 24,0.8,85.8,Jämtland
Bjurholm,2384,25.2,63,2.6%,0,0.0,44.2%,17.5%,856,339,4,4,1,3,0,3,2, 3, 1, 4, 4, 2,0.5,33.6,Västerbotten
Bjuv,15681,78.4,1813,11.6%,26,16.6,30.3%,8.8%,3640,1057,46,31,37,24,37,37,33, 48, 45, 48, 69, 54,0.8,74.6,Skåne
Boden,28083,81.5,2577,9.2%,36,12.8,41.8%,10.4%,9575,2388,42,62,50,115,73,91,79, 124, 162, 171, 127, 102,0.8,106.1,Norrbotten
Bollebygd,9503,74.7,997,10.5%,9,9.5,31.8%,7.7%,2322,562,6,34,61,41,32,47,51, 16, 29, 43, 32, 39,1.2,78.9,Västra Götaland
Bollnäs,26811,71.6,2733,10.2%,30,11.2,43.7%,12.6%,9353,2705,45,49,48,68,76,77,93, 99, 175, 152, 111, 81,0.7,98.1,Gävleborg
Borgholm,10833,52.6,535,4.9%,5,4.6,56.7%,17.2%,5230,1590,1,8,9,5,6,23,23, 27, 40, 51, 29, 28,1.0,73.8,Kalmar
Borlänge,52439,64.6,3514,6.7%,107,20.4,35.4%,8.4%,14376,3432,37,57,71,106,189,172,145, 138, 181, 185, 166, 173,1.0,66.9,Dalarna
Borås,113700,70.5,11413,10.0%,192,16.9,31.2%,9.2%,27829,8161,250,239,347,224,254,303,329, 331, 426, 529, 389, 413,1.1,80.7,Västra Götaland
Botkyrka,94843,69.0,9573,10.1%,142,15.0,22.4%,8.9%,16125,6385,138,195,238,262,358,377,402, 387, 376, 362, 315, 339,1.1,71.4,Stockholm
Boxholm,5443,68.0,384,7.1%,3,5.5,45.5%,10.8%,2016,477,13,10,5,9,17,13,26, 32, 18, 21, 18, 19,1.1,71.7,Östergötland
Bromölla,12762,130.9,990,7.8%,10,7.8,36.9%,11.3%,3705,1137,15,10,21,15,10,8,14, 21, 45, 66, 68, 99,1.5,105.0,Skåne
Bräcke,6207,80.6,504,8.1%,18,29.0,40.7%,13.8%,2066,701,2,2,3,2,5,19,13, 7, 10, 17, 22, 28,1.3,62.8,Jämtland
Burlöv,19211,48.4,2279,11.9%,37,19.3,27.0%,7.7%,3961,1123,46,65,40,47,41,46,59, 36, 47, 62, 40, 53,1.3,53.1,Skåne
Båstad,15377,28.0,1274,8.3%,15,9.8,44.4%,10.8%,5630,1365,28,30,48,55,22,25,33, 20, 34, 44, 27, 16,0.6,46.2,Skåne
Dals-Ed,4780,52.3,304,6.4%,6,12.6,44.7%,13.7%,1723,528,5,3,6,3,6,13,27, 22, 8, 3, 14, 11,0.8,35.6,Västra Götaland
Danderyd,32677,59.1,3096,9.5%,42,12.9,33.8%,8.2%,8300,2020,65,99,87,77,103,100,90, 97, 89, 125, 108, 85,0.8,71.3,Stockholm
Degerfors,9633,60.2,792,8.2%,13,13.5,41.4%,12.9%,3254,1013,6,6,1,13,18,26,48, 72, 60, 47, 32, 26,0.8,82.0,Örebro
Dorotea,2505,8.0,74,3.0%,0,0.0,49.1%,15.5%,1019,321,0,5,6,3,0,1,0, , 5, 3, , 2,,12.0,Västerbotten
Eda,8547,70.2,417,4.9%,8,9.4,42.5%,12.7%,2919,870,15,15,13,15,18,16,13, 9, 40, 26, 31, 29,0.9,66.7,Värmland
Ekerö,28861,84.5,2541,8.8%,34,11.8,32.0%,8.9%,6773,1893,25,20,41,60,77,100,104, 125, 98, 128, 118, 126,1.1,85.2,Stockholm
Eksjö,17794,42.1,1880,10.6%,34,19.1,44.9%,12.1%,6341,1717,43,53,55,43,35,46,44, 32, 18, 19, 28, 47,1.7,26.4,Jönköping
Emmaboda,9382,108.7,566,6.0%,3,3.2,44.1%,14.2%,3330,1069,13,10,18,3,9,22,39, 19, 22, 25, 42, 60,1.4,71.4,Kalmar
Enköping,46176,68.7,4319,9.4%,69,14.9,32.2%,11.2%,11571,4033,87,82,84,72,76,107,110, 117, 142, 138, 167, 150,0.9,66.1,Uppsala
Eskilstuna,107061,55.3,8780,8.2%,156,14.6,35.0%,11.1%,29102,9212,130,198,227,233,252,265,336, 389, 424, 321, 274, 318,1.2,55.6,Södermanland
Eslöv,34088,86.5,3330,9.8%,26,7.6,32.9%,9.6%,8650,2513,63,74,72,74,84,105,137, 126, 147, 111, 154, 141,0.9,77.7,Skåne
Essunga,5681,28.2,288,5.1%,7,12.3,40.2%,14.7%,1812,665,5,8,17,14,7,3,4, 13, 19, 17, 5, 11,2.2,38.7,Västra Götaland
Fagersta,13286,91.8,1384,10.4%,12,9.0,39.5%,12.4%,4119,1288,21,14,36,37,54,82,103, 69, 53, 67, 59, 63,1.1,94.8,Västmanland
Falkenberg,46002,53.7,4813,10.5%,43,9.3,35.9%,12.0%,13117,4401,168,252,324,387,319,247,266, 239, 198, 136, 139, 108,0.8,59.8,Halland
Falköping,33290,49.0,2768,8.3%,49,14.7,34.9%,10.4%,9024,2677,31,37,74,60,47,69,105, 48, 77, 77, 67, 96,1.4,43.3,Västra Götaland
Falun,59537,87.8,4920,8.3%,58,9.7,40.8%,9.2%,19123,4284,39,50,68,82,139,148,146, 183, 314, 202, 267, 256,1.0,78.8,Dalarna
Filipstad,10536,26.6,483,4.6%,14,13.3,44.5%,15.7%,3780,1336,5,4,0,2,6,14,26, 38, 46, 27, 14, 14,1.0,38.9,Värmland
Finspång,21794,79.8,1328,6.1%,28,12.8,42.1%,11.3%,7336,1962,11,29,32,36,42,36,44, 60, 63, 143, 83, 91,1.1,103.7,Östergötland
Flen,16468,59.5,1127,6.8%,26,15.8,40.1%,12.5%,5253,1634,34,48,69,60,49,67,52, 67, 78, 71, 42, 56,1.3,68.6,Södermanland
Forshaga,11492,50.5,584,5.1%,8,7.0,45.5%,10.0%,4066,894,10,5,15,14,21,14,28, 24, 47, 55, 32, 26,0.8,75.7,Värmland
Färgelanda,6672,116.9,605,9.1%,6,9.0,41.9%,12.6%,2234,673,7,9,9,13,16,34,24, 23, 16, 30, 34, 44,1.3,95.9,Västra Götaland
Gagnef,10376,60.7,719,6.9%,14,13.5,42.8%,9.8%,3440,786,4,7,14,39,16,33,35, 30, 49, 31, 29, 34,1.2,57.8,Dalarna
Gislaved,29644,116.4,3949,13.3%,40,13.5,37.3%,10.7%,8598,2465,90,139,136,111,120,180,243, 217, 243, 166, 148, 197,1.3,105.9,Jönköping
Gnesta,11378,30.8,842,7.4%,18,15.8,39.8%,15.5%,3546,1383,11,8,24,46,40,32,37, 56, 58, 41, 19, 16,0.8,52.7,Södermanland
Gnosjö,9609,125.9,1381,14.4%,13,13.5,36.2%,12.0%,2699,896,19,28,59,64,115,104,87, 66, 71, 56, 60, 61,1.0,120.7,Jönköping
Gotland,60050,34.6,3474,5.8%,39,6.5,35.8%,16.1%,17559,7901,27,16,32,54,61,68,109, 97, 135, 178, 125, 83,0.7,50.5,Gotland
Grums,9029,55.4,516,5.7%,4,4.4,44.6%,12.6%,3258,918,16,18,11,12,24,20,20, 43, 28, 20, 19, 31,1.6,43.2,Värmland
Grästorp,5708,26.3,386,6.8%,5,8.8,40.0%,12.1%,1842,556,4,5,9,8,10,10,10, 5, 8, 11, 5, 10,2.0,28.0,Västra Götaland
Gullspång,5204,36.5,427,8.2%,3,5.8,44.5%,9.7%,1918,419,12,6,6,6,5,20,31, 44, 45, 19, 11, 8,0.7,57.6,Västra Götaland
Gällivare,17472,68.7,1613,9.2%,36,20.6,41.7%,10.6%,5974,1517,21,10,14,64,60,83,67, 118, 121, 85, 67, 53,0.8,87.0,Norrbotten
Gävle,102827,46.9,13747,13.4%,169,16.4,37.1%,12.3%,30266,10011,339,449,705,846,822,783,850, 590, 600, 403, 294, 188,0.6,67.8,Gävleborg
Göteborg,583151,52.6,65048,11.2%,803,13.8,20.5%,6.4%,95935,29863,1822,1889,2216,1863,2107,2558,2922,2 664,2 124,2 228,1 616,1 449,0.9,65.9,Västra Götaland
Götene,13189,50.0,861,6.5%,4,3.0,41.7%,11.5%,4389,1212,43,28,23,29,34,48,22, 30, 31, 50, 33, 33,1.0,62.9,Västra Götaland
Habo,12577,52.5,1300,10.3%,11,8.7,36.6%,11.7%,3292,1052,12,13,45,58,98,138,122, 88, 73, 44, 45, 21,0.5,70.8,Jönköping
Hagfors,11518,53.8,1004,8.7%,9,7.8,51.6%,15.6%,4995,1507,5,4,13,104,119,92,59, 70, 79, 52, 33, 29,0.9,73.8,Värmland
Hallsberg,16001,108.1,1400,8.7%,17,10.6,37.1%,12.6%,4631,1574,16,23,20,31,37,54,49, 38, 52, 88, 75, 98,1.3,101.9,Örebro
Hallstahammar,16409,46.9,1237,7.5%,11,6.7,39.9%,11.6%,5160,1505,16,13,12,13,21,22,26, 25, 45, 31, 37, 40,1.1,41.4,Västmanland
Halmstad,103672,62.4,12211,11.8%,95,9.2,33.5%,9.7%,27479,7944,443,357,345,423,367,441,575, 530, 443, 499, 341, 306,0.9,81.0,Halland
Hammarö,16667,57.6,919,5.5%,4,2.4,43.1%,9.1%,5332,1131,27,39,19,20,46,57,67, 46, 79, 52, 51, 45,0.9,61.8,Värmland
Haninge,93370,74.0,9162,9.8%,147,15.7,26.2%,7.0%,18731,4995,173,246,279,265,286,387,376, 447, 405, 384, 323, 368,1.1,75.7,Stockholm
Haparanda,9595,11.5,586,6.1%,13,13.5,45.3%,9.8%,3525,762,19,27,5,12,8,6,6, 5, 8, 11, 10, 1,0.1,21.9,Norrbotten
Heby,14048,86.1,1037,7.4%,14,10.0,37.6%,12.9%,4245,1462,17,27,20,20,18,18,16, 50, 70, 85, 67, 54,0.8,108.2,Uppsala
Hedemora,15423,165.3,1308,8.5%,13,8.4,44.9%,10.6%,5593,1321,13,13,15,10,24,34,29, 29, 87, 107, 145, 110,0.8,163.4,Dalarna
Helsingborg,149290,55.5,18033,12.1%,252,16.9,29.0%,8.7%,34055,10159,355,380,293,301,240,321,366, 463, 465, 427, 367, 461,1.3,53.2,Skåne
Herrljunga,9453,51.8,633,6.7%,12,12.7,37.6%,10.0%,2859,762,11,6,15,16,17,35,19, 15, 26, 33, 23, 26,1.1,59.2,Västra Götaland
Hjo,9245,27.0,738,8.0%,8,8.7,42.3%,11.8%,3140,875,12,10,2,9,10,34,99, 88, 79, 47, 18, 7,0.4,70.3,Västra Götaland
Hofors,9567,92.0,1261,13.2%,23,24.0,40.4%,16.2%,3135,1255,6,10,8,55,44,31,46, 78, 148, 97, 56, 32,0.6,159.9,Gävleborg
Huddinge,113055,65.9,12155,10.8%,164,14.5,24.1%,6.6%,20565,5631,248,316,410,376,413,440,543, 421, 504, 507, 389, 356,0.9,79.3,Stockholm
Hudiksvall,37605,84.8,3382,9.0%,65,17.3,43.0%,16.5%,12979,4988,50,60,52,58,37,45,75, 54, 149, 137, 161, 158,1.0,79.2,Gävleborg
Hultsfred,14163,55.1,1071,7.6%,34,24.0,41.1%,14.4%,4633,1625,0,6,7,10,13,41,60, 56, 51, 41, 38, 40,1.1,55.8,Kalmar
Hylte,10676,52.5,1273,11.9%,3,2.8,35.2%,15.9%,2891,1306,43,34,27,41,93,115,99, 101, 74, 57, 33, 23,0.7,84.3,Halland
Håbo,21962,66.0,2217,10.1%,25,11.4,29.3%,8.7%,4890,1452,54,49,47,36,41,73,85, 88, 138, 146, 77, 68,0.9,101.5,Uppsala
Hällefors,6882,46.5,515,7.5%,12,17.4,38.6%,12.9%,2159,723,25,15,9,5,7,4,5, 6, 34, 29, 19, 13,0.7,69.7,Örebro
Härjedalen,10045,92.6,883,8.8%,3,3.0,42.7%,14.1%,3601,1185,11,12,10,24,28,50,68, 78, 91, 66, 61, 32,0.5,126.4,Jämtland
Härnösand,25111,60.5,1616,6.4%,29,11.5,40.5%,13.0%,8134,2601,34,44,21,29,35,38,26, 36, 44, 59, 69, 83,1.2,51.0,Västernorrland
Härryda,38170,52.1,4253,11.1%,26,6.8,26.4%,7.8%,7451,2188,218,232,214,137,117,173,153, 197, 145, 153, 97, 102,1.1,65.5,Västra Götaland
Hässleholm,52086,77.2,4770,9.2%,59,11.3,35.5%,11.7%,14724,4857,194,226,187,131,103,59,51, 76, 122, 152, 185, 217,1.2,64.7,Skåne
Höganäs,27100,50.9,2603,9.6%,20,7.4,41.6%,11.3%,8917,2420,66,77,52,46,49,53,50, 90, 98, 72, 52, 86,1.7,45.8,Skåne
Högsby,5766,163.0,434,7.5%,3,5.2,39.9%,14.4%,1826,660,2,7,1,9,22,11,25, 21, 14, 34, 40, 54,1.4,128.3,Kalmar
Hörby,15703,42.7,1197,7.6%,7,4.5,34.3%,9.4%,4253,1162,15,12,8,15,29,24,30, 40, 41, 30, 27, 40,1.5,36.3,Skåne
Höör,16771,82.3,1315,7.8%,6,3.6,36.7%,10.5%,4794,1375,26,20,20,14,19,48,59, 36, 50, 53, 52, 86,1.7,62.6,Skåne
Jokkmokk,4856,61.8,468,9.6%,4,8.2,44.9%,9.4%,1831,383,3,11,15,21,30,89,44, 22, 33, 32, 17, 13,0.8,100.9,Norrbotten
Järfälla,81034,67.3,7968,9.8%,148,18.3,28.1%,6.8%,17582,4249,133,220,213,273,254,301,327, 411, 315, 424, 271, 274,1.0,85.8,Stockholm
Jönköping,142471,51.9,15066,10.6%,176,12.4,34.9%,10.3%,39141,11533,406,428,416,468,619,729,682, 666, 631, 516, 381, 359,0.9,63.0,Jönköping
Kalix,15791,65.9,1149,7.3%,15,9.5,47.0%,10.5%,6152,1369,32,19,43,50,36,33,27, 30, 31, 40, 41, 63,1.5,51.3,Norrbotten
Kalmar,70367,128.6,6868,9.8%,41,5.8,40.3%,11.7%,22499,6535,82,133,86,123,139,328,436, 376, 479, 508, 440, 465,1.1,134.7,Kalmar
Karlsborg,6989,52.9,506,7.2%,3,4.3,42.8%,13.1%,2449,749,8,9,11,2,2,14,8, 8, 20, 37, 19, 18,0.9,80.1,Västra Götaland
Karlshamn,32433,99.3,2443,7.5%,20,6.2,36.0%,9.8%,9381,2544,54,68,22,52,30,35,77, 137, 149, 190, 179, 143,0.8,113.8,Blekinge
Karlskoga,30267,86.6,2624,8.7%,25,8.3,40.2%,13.7%,9816,3339,23,17,30,33,47,112,209, 237, 251, 181, 149, 113,0.8,109.0,Örebro
Karlskrona,66605,60.7,4554,6.8%,45,6.8,36.0%,11.4%,19013,6008,39,52,42,43,47,71,87, 119, 140, 138, 203, 201,1.0,51.2,Blekinge
Karlstad,94824,52.9,6355,6.7%,42,4.4,39.3%,8.3%,30110,6326,137,179,203,260,240,310,401, 370, 360, 338, 273, 229,0.8,64.4,Värmland
Katrineholm,34796,61.2,2364,6.8%,58,16.7,42.7%,14.5%,11604,3938,23,46,61,85,91,215,258, 208, 185, 133, 127, 86,0.7,74.7,Södermanland
Kil,12089,36.4,603,5.0%,9,7.4,45.8%,10.3%,4338,980,11,10,10,12,26,18,24, 40, 23, 27, 17, 27,1.6,36.4,Värmland
Kinda,9999,67.0,661,6.6%,12,12.0,47.3%,11.1%,3770,884,6,9,11,6,23,53,63, 64, 57, 41, 38, 29,0.8,79.0,Östergötland
Kiruna,22666,54.3,1673,7.4%,27,11.9,33.6%,7.5%,6111,1357,56,26,39,55,52,84,76, 109, 97, 84, 63, 60,1.0,64.9,Norrbotten
Klippan,17697,52.0,1870,10.6%,15,8.5,32.5%,9.0%,4586,1276,56,63,70,50,42,109,97, 76, 77, 55, 47, 45,1.0,57.6,Skåne
Knivsta,19070,86.0,1482,7.8%,8,4.2,27.6%,7.5%,3789,1031,23,16,22,39,28,62,47, 47, 70, 80, 73, 91,1.2,80.2,Uppsala
Kramfors,18112,115.9,1251,6.9%,44,24.3,42.0%,10.9%,6262,1623,24,14,11,7,10,19,25, 60, 116, 95, 103, 107,1.0,109.3,Västernorrland
Kristianstad,86235,77.5,9515,11.0%,100,11.6,34.2%,11.8%,23261,7988,161,185,199,137,144,187,318, 271, 381, 419, 334, 334,1.0,87.3,Skåne
Kristinehamn,24220,76.8,1178,4.9%,14,5.8,48.3%,14.7%,9505,2885,12,12,8,21,27,36,33, 52, 70, 106, 98, 88,0.9,84.2,Värmland
Krokom,15027,75.2,932,6.2%,3,2.0,37.8%,10.4%,4295,1175,12,17,24,30,47,41,29, 23, 37, 64, 59, 54,0.9,81.9,Jämtland
Kumla,21842,65.9,1947,8.9%,19,8.7,34.6%,11.5%,5762,1921,20,27,50,75,62,83,78, 109, 117, 98, 64, 80,1.3,74.2,Örebro
Kungsbacka,84849,49.6,8473,10.0%,67,7.9,33.5%,10.9%,21636,7027,275,249,353,359,296,365,479, 386, 361, 340, 252, 169,0.7,69.8,Halland
Kungsör,8729,28.6,689,7.9%,4,4.6,44.5%,12.7%,3047,866,7,9,19,18,17,18,9, 10, 19, 24, 10, 15,1.5,39.0,Västmanland
Kungälv,46993,44.3,5213,11.1%,41,8.7,30.7%,7.8%,11210,2853,236,211,272,169,207,201,331, 246, 181, 177, 116, 92,0.8,62.3,Västra Götaland
Kävlinge,32066,56.8,3079,9.6%,31,9.7,32.1%,7.9%,7656,1879,46,58,60,60,68,78,97, 78, 87, 60, 86, 96,1.1,45.5,Skåne
Köping,26160,29.1,1821,7.0%,26,9.9,42.4%,12.1%,8746,2506,33,74,48,31,47,52,37, 49, 61, 73, 39, 37,0.9,42.8,Västmanland
Laholm,25962,55.9,2690,10.4%,3,1.2,41.2%,10.9%,8498,2242,56,57,47,52,90,130,136, 154, 106, 89, 75, 70,0.9,63.2,Halland
Landskrona,46317,48.8,5302,11.4%,55,11.9,32.4%,9.6%,11695,3465,76,86,64,65,72,155,133, 127, 145, 136, 106, 120,1.1,52.2,Skåne
Laxå,5653,30.1,328,5.8%,12,21.2,41.3%,13.9%,1905,642,3,4,13,10,7,10,11, 23, 13, 12, 6, 11,1.8,31.8,Örebro
Lekeberg,8446,46.2,513,6.1%,0,0.0,36.8%,12.7%,2345,810,4,5,12,19,31,37,39, 26, 45, 30, 24, 15,0.6,63.9,Örebro
Leksand,15782,32.9,1109,7.0%,20,12.7,42.8%,11.2%,5492,1434,14,8,31,30,27,40,43, 37, 26, 17, 26, 26,1.0,27.2,Dalarna
Lerum,42920,82.7,5207,12.1%,43,10.0,25.7%,5.7%,8150,1820,144,137,170,187,144,269,276, 248, 277, 229, 169, 186,1.1,92.7,Västra Götaland
Lessebo,8649,112.2,787,9.1%,10,11.6,40.2%,8.5%,2656,562,11,2,15,13,4,9,15, 36, 45, 57, 48, 49,1.0,121.4,Kronoberg
Lidingö,48021,71.6,5222,10.9%,95,19.8,33.9%,7.7%,12409,2812,98,115,144,154,180,183,232, 239, 192, 227, 174, 170,1.0,83.5,Stockholm
Lidköping,40344,66.7,3039,7.5%,44,10.9,36.3%,11.2%,11671,3587,114,76,88,86,130,113,213, 128, 109, 80, 93, 176,1.9,42.9,Västra Götaland
Lilla Edet,14237,67.4,1359,9.5%,17,11.9,27.6%,5.9%,3083,662,37,33,48,39,55,49,80, 47, 54, 90, 41, 55,1.3,92.0,Västra Götaland
Lindesberg,23651,64.7,1829,7.7%,19,8.0,40.1%,13.0%,7566,2447,22,20,32,85,80,78,108, 112, 93, 90, 83, 70,0.8,73.1,Örebro
Linköping,164750,66.2,13268,8.1%,227,13.8,34.9%,10.6%,45591,13796,363,409,428,384,351,351,377, 365, 327, 431, 518, 573,1.1,57.6,Östergötland
Ljungby,28429,54.5,2643,9.3%,28,9.8,37.9%,9.8%,8596,2227,106,92,51,55,50,66,69, 105, 99, 98, 80, 75,0.9,62.6,Kronoberg
Ljusdal,18883,71.0,2019,10.7%,34,18.0,43.7%,16.9%,6673,2585,33,33,53,47,48,86,70, 60, 109, 114, 67, 67,1.0,95.9,Gävleborg
Ljusnarsberg,4689,194.1,374,8.0%,3,6.4,39.8%,13.3%,1568,523,4,4,1,4,7,21,25, 11, 15, 15, 39, 52,1.3,115.2,Örebro
Lomma,24911,69.8,2419,9.7%,19,7.6,35.3%,9.1%,6451,1655,64,57,87,73,43,42,53, 47, 127, 129, 107, 67,0.6,94.7,Skåne
Ludvika,26666,32.3,1860,7.0%,39,14.6,38.0%,10.8%,7990,2274,44,32,26,25,22,55,87, 95, 76, 49, 36, 50,1.4,31.9,Dalarna
Luleå,78604,71.1,7164,9.1%,61,7.8,35.3%,7.6%,22488,4860,153,391,478,510,269,341,164, 257, 221, 228, 253, 306,1.2,61.2,Norrbotten
Lund,126042,55.1,9934,7.9%,102,8.1,29.7%,8.5%,30063,8558,180,167,147,166,141,177,311, 220, 265, 296, 318, 377,1.2,48.7,Skåne
Lycksele,12327,5.7,1594,12.9%,11,8.9,47.6%,13.4%,4652,1307,325,313,207,113,44,27,18, 9, 17, 20, 6, 1,0.2,21.1,Västerbotten
Lysekil,14406,112.5,1139,7.9%,17,11.8,42.7%,7.7%,5047,909,31,44,40,20,13,11,34, 41, 52, 84, 67, 95,1.4,104.8,Västra Götaland
Malmö,347744,51.3,38179,11.0%,423,12.2,23.6%,7.0%,64644,19022,761,737,668,622,599,563,652, 657, 797, 755, 831, 954,1.1,45.6,Skåne
Malung,10112,58.3,973,9.6%,5,4.9,42.0%,9.4%,3510,787,43,29,33,16,12,23,23, 23, 46, 49, 28, 31,1.1,76.1,Dalarna
Malå,3026,36.4,115,3.8%,3,9.9,43.5%,25.1%,1057,610,10,15,14,1,3,1,1, , 2, 5, 6, 5,0.8,36.4,Västerbotten
Mariestad,24532,38.3,1729,7.0%,17,6.9,42.6%,11.4%,8432,2257,24,34,19,34,56,63,100, 96, 88, 71, 41, 53,1.3,45.7,Västra Götaland
Mark,34920,95.4,2848,8.2%,50,14.3,26.8%,8.0%,7363,2188,48,65,58,80,105,111,117, 90, 107, 168, 187, 146,0.8,101.7,Västra Götaland
Markaryd,10365,65.6,1000,9.6%,12,11.6,37.8%,13.1%,3089,1072,63,55,42,34,27,30,27, 37, 38, 43, 39, 29,0.7,79.1,Kronoberg
Mellerud,9294,123.7,942,10.1%,12,12.9,43.2%,10.9%,3245,822,22,28,17,18,8,17,33, 59, 95, 110, 88, 27,0.3,213.0,Västra Götaland
Mjölby,27889,91.1,2306,8.3%,34,12.2,42.6%,10.0%,9331,2195,38,23,33,36,31,48,63, 106, 108, 150, 148, 106,0.7,106.9,Östergötland
Mora,20490,82.0,2103,10.3%,10,4.9,44.8%,9.9%,7459,1650,8,13,48,69,90,127,240, 223, 198, 131, 101, 67,0.7,113.2,Dalarna
Motala,43636,133.4,4014,9.2%,47,10.8,44.8%,12.7%,15480,4395,80,58,85,70,55,70,125, 148, 154, 276, 305, 277,0.9,133.1,Östergötland
Mullsjö,7355,63.9,513,7.0%,3,4.1,42.7%,14.4%,2446,827,6,7,18,18,20,14,30, 25, 21, 28, 24, 23,1.0,70.7,Jönköping
Munkedal,10560,110.8,937,8.9%,13,12.3,42.1%,14.9%,3534,1249,44,31,20,15,19,23,37, 45, 43, 55, 58, 59,1.0,107.0,Västra Götaland
Munkfors,3721,26.9,218,5.9%,13,34.9,48.1%,16.0%,1465,487,6,5,2,3,6,15,15, 10, 5, 14, 6, 4,0.7,53.7,Värmland
Mölndal,69981,52.3,7506,10.7%,69,9.9,22.7%,7.2%,12286,3917,224,278,351,249,240,252,350, 358, 247, 272, 199, 167,0.8,67.3,Västra Götaland
Mönsterås,13312,39.1,1312,9.9%,23,17.3,44.0%,12.9%,4681,1367,16,38,146,131,85,92,115, 78, 82, 53, 35, 17,0.5,66.1,Kalmar
Mörbylånga,15429,84.9,1078,7.0%,8,5.2,48.8%,12.7%,5942,1543,12,27,20,11,19,31,78, 66, 80, 80, 73, 58,0.8,99.2,Kalmar
Nacka,106169,70.3,11039,10.4%,161,15.2,26.8%,7.1%,21404,5654,226,271,342,433,473,366,417, 532, 488, 458, 367, 379,1.0,77.7,Stockholm
Nora,10703,117.7,929,8.7%,13,12.1,43.2%,14.8%,3678,1264,25,44,28,14,9,14,30, 47, 65, 88, 82, 44,0.5,158.8,Örebro
Norberg,5725,118.8,495,8.6%,3,5.2,46.8%,14.5%,2158,667,0,2,1,7,4,24,31, 25, 19, 17, 33, 35,1.1,87.3,Västmanland
Nordanstig,9489,63.2,829,8.7%,29,30.6,37.8%,14.9%,2858,1127,26,30,26,25,8,22,21, 11, 31, 29, 39, 21,0.5,71.7,Gävleborg
Nordmaling,7099,40.9,373,5.3%,0,0.0,44.8%,14.3%,2573,823,6,5,22,24,15,20,27, 21, 28, 46, 20, 9,0.5,93.0,Västerbotten
Norrköping,143504,110.6,12112,8.4%,191,13.3,34.2%,10.1%,38452,11409,231,246,258,373,395,433,517, 584, 501, 894, 784, 803,1.0,116.9,Östergötland
Norrtälje,63536,53.5,4118,6.5%,106,16.7,47.0%,12.4%,24428,6448,39,39,64,86,76,101,109, 150, 175, 202, 159, 181,1.1,56.8,Stockholm
Norsjö,3946,40.5,210,5.3%,0,0.0,42.4%,16.4%,1353,524,13,5,5,6,14,3,2, 6, 1, 8, 12, 4,0.3,50.7,Västerbotten
Nybro,20259,94.8,1555,7.7%,12,5.9,42.0%,12.8%,6776,2072,36,43,28,29,23,47,118, 144, 179, 107, 112, 80,0.7,108.1,Kalmar
Nykvarn,11217,103.4,901,8.0%,15,13.4,30.6%,6.9%,2558,579,3,9,14,19,28,25,28, 32, 35, 44, 42, 74,1.8,76.7,Stockholm
Nyköping,57092,90.2,4788,8.4%,93,16.3,42.3%,13.4%,18983,5998,101,107,114,115,128,210,269, 379, 390, 352, 266, 249,0.9,108.2,Södermanland
Nynäshamn,28784,52.5,2373,8.2%,42,14.6,35.2%,9.7%,8017,2208,27,44,52,54,81,95,156, 127, 143, 132, 78, 73,0.9,73.0,Stockholm
Nässjö,31554,47.5,3351,10.6%,68,21.6,40.0%,12.8%,9767,3124,166,146,152,104,83,77,83, 61, 69, 87, 61, 89,1.5,46.9,Jönköping
Ockelbo,5881,49.3,656,11.2%,8,13.6,43.5%,15.4%,2090,740,16,24,29,28,18,28,46, 34, 28, 17, 17, 12,0.7,57.8,Gävleborg
Olofström,13343,106.4,1052,7.9%,25,18.7,36.5%,11.1%,3945,1194,15,10,22,18,32,14,4, 13, 31, 85, 89, 53,0.6,130.4,Blekinge
Orsa,6898,85.5,824,11.9%,14,20.3,46.1%,10.7%,2621,609,10,6,16,19,42,105,88, 51, 72, 41, 32, 27,0.8,105.8,Dalarna
Orust,15255,39.3,1171,7.7%,13,8.5,41.8%,5.4%,5304,684,40,23,79,67,68,52,68, 39, 59, 61, 35, 25,0.7,62.9,Västra Götaland
Osby,13201,36.4,1004,7.6%,13,9.8,36.6%,11.2%,3819,1165,15,17,13,32,18,31,58, 43, 32, 34, 31, 17,0.5,49.2,Skåne
Oskarshamn,27123,118.7,2388,8.8%,21,7.7,40.2%,12.9%,8707,2790,30,43,69,87,109,82,86, 63, 108, 146, 128, 194,1.5,101.0,Kalmar
Ovanåker,11677,137.0,992,8.5%,21,18.0,45.0%,15.5%,4233,1460,9,14,2,2,12,23,16, 21, 69, 59, 92, 68,0.7,129.3,Gävleborg
Oxelösund,11986,98.4,885,7.4%,29,24.2,45.8%,14.2%,4373,1356,12,5,14,32,31,38,36, 62, 69, 74, 53, 65,1.2,106.0,Södermanland
Pajala,5974,56.9,183,3.1%,6,10.0,51.1%,12.2%,2522,603,4,3,5,2,1,13,3, 4, 15, 12, 14, 20,1.4,43.5,Norrbotten
Partille,39498,66.6,4762,12.1%,42,10.6,24.6%,7.4%,7371,2216,119,147,200,187,186,166,183, 139, 169, 192, 129, 134,1.0,81.3,Västra Götaland
Perstorp,7485,36.1,661,8.8%,11,14.7,33.6%,9.5%,1951,549,24,24,26,18,20,10,17, 13, 16, 21, 9, 18,2.0,40.1,Skåne
Piteå,42186,97.4,3630,8.6%,22,5.2,36.7%,6.6%,12476,2247,78,106,111,201,147,136,104, 182, 226, 239, 199, 212,1.1,103.8,Norrbotten
Ragunda,5209,65.3,227,4.4%,3,5.8,44.2%,14.8%,1880,627,1,6,5,1,4,13,4, 4, 14, 17, 23, 11,0.5,76.8,Jämtland
Robertsfors,6759,23.7,252,3.7%,3,4.4,41.7%,9.9%,2244,532,2,3,10,14,7,16,6, 9, 8, 9, 9, 7,0.8,26.6,Västerbotten
Ronneby,29421,37.4,1959,6.7%,17,5.8,39.2%,11.5%,9033,2649,26,21,8,40,55,62,77, 55, 55, 64, 70, 40,0.6,45.5,Blekinge
Rättvik,11028,47.2,668,6.1%,3,2.7,46.9%,12.0%,4340,1109,6,8,29,37,23,12,8, 13, 27, 18, 20, 32,1.6,34.5,Dalarna
Sala,22859,77.9,1724,7.5%,31,13.6,43.3%,12.5%,7894,2279,16,8,9,19,25,37,36, 43, 111, 107, 105, 73,0.7,92.7,Västmanland
Salem,16879,96.0,1627,9.6%,29,17.2,30.0%,13.2%,3763,1652,18,35,38,30,34,58,69, 66, 49, 58, 68, 94,1.4,74.6,Stockholm
Sandviken,39309,65.9,4562,11.6%,52,13.2,39.0%,13.9%,12186,4360,99,128,187,293,256,240,257, 218, 200, 171, 139, 120,0.9,78.9,Gävleborg
Sigtuna,49373,54.5,4224,8.6%,103,20.9,25.2%,6.5%,9451,2440,86,115,151,141,157,182,239, 252, 173, 183, 155, 114,0.7,68.5,Stockholm
Simrishamn,19228,47.8,1215,6.3%,22,11.4,46.1%,14.4%,7453,2323,55,31,25,36,5,14,16, 33, 52, 46, 43, 49,1.1,46.3,Skåne
Sjöbo,19394,36.6,1341,6.9%,8,4.1,34.7%,8.3%,5374,1284,37,42,25,38,22,23,40, 25, 38, 44, 32, 39,1.2,39.2,Skåne
Skara,18725,37.9,1303,7.0%,25,13.4,34.4%,5.2%,5113,772,56,44,58,44,46,33,52, 49, 54, 50, 33, 38,1.2,44.3,Västra Götaland
Skellefteå,72846,47.4,8132,11.2%,78,10.7,37.0%,10.8%,21558,6279,392,537,522,520,410,362,279, 182, 250, 187, 174, 171,1.0,49.6,Västerbotten
Skinnskatteberg,4373,36.6,254,5.8%,3,6.9,46.2%,12.5%,1662,451,0,2,5,15,10,5,12, 13, 24, 17, 14, 2,0.1,70.9,Västmanland
Skurup,16030,73.0,1640,10.2%,19,11.9,31.9%,8.8%,4000,1105,25,10,22,35,34,40,31, 34, 54, 48, 43, 74,1.7,56.8,Skåne
Skövde,56800,51.6,5140,9.0%,89,15.7,33.4%,7.9%,15074,3584,103,67,108,88,138,180,264, 181, 190, 167, 150, 143,1.0,55.8,Västra Götaland
Smedjebacken,10842,61.8,704,6.5%,10,9.2,43.4%,9.4%,3821,830,20,30,9,3,9,26,33, 22, 26, 11, 33, 34,1.0,40.6,Dalarna
Sollefteå,18900,112.2,1570,8.3%,52,27.5,41.0%,11.5%,6300,1769,20,11,4,10,15,13,50, 95, 114, 151, 137, 75,0.5,152.4,Västernorrland
Sollentuna,73948,60.6,6919,9.4%,154,20.8,28.6%,6.6%,15953,3704,133,149,182,200,238,235,250, 302, 227, 263, 201, 247,1.2,62.7,Stockholm
Solna,83293,66.6,7903,9.5%,128,15.4,24.1%,5.8%,16534,3964,137,152,216,204,213,243,330, 414, 394, 339, 255, 300,1.2,71.3,Stockholm
Sorsele,2444,16.4,96,3.9%,0,0.0,43.7%,23.0%,880,463,18,23,4,3,1,1,2, 3, 1, 7, 4, ,0.0,45.0,Västerbotten
Sotenäs,9133,102.9,779,8.5%,9,9.9,45.0%,10.5%,3507,816,33,29,26,18,24,20,43, 26, 33, 35, 40, 54,1.4,82.1,Västra Götaland
Staffanstorp,25863,60.7,2397,9.3%,19,7.3,31.6%,8.5%,6018,1618,26,51,33,37,25,41,51, 57, 62, 55, 56, 101,1.8,42.9,Skåne
Stenungsund,26977,47.8,2839,10.5%,10,3.7,27.3%,4.9%,5695,1024,128,150,216,146,93,100,132, 95, 105, 78, 55, 74,1.3,49.3,Västra Götaland
Stockholm,977619,68.0,96555,9.9%,1669,17.1,24.9%,6.6%,194485,51694,1638,2096,2724,2921,3296,3360,3614,3 951,4 082,3 706,3 267,3 376,1.0,71.3,Stockholm
Storfors,4007,32.4,174,4.3%,3,7.5,48.8%,11.8%,1601,386,1,0,1,4,3,3,2, 7, 23, 15, 7, 6,0.9,54.9,Värmland
Storuman,5832,53.2,454,7.8%,12,20.6,46.2%,18.6%,2215,893,17,23,30,44,14,26,7, 1, 7, 8, 23, 8,0.3,53.2,Västerbotten
Strängnäs,37158,79.1,2715,7.3%,24,6.5,36.9%,13.6%,10709,3950,40,38,49,74,107,95,126, 136, 229, 201, 173, 121,0.7,100.7,Södermanland
Strömstad,13270,46.0,869,6.5%,6,4.5,29.4%,5.4%,3095,564,48,19,21,23,19,18,12, 6, 17, 37, 27, 34,1.3,48.2,Västra Götaland
Strömsund,11495,92.2,787,6.8%,12,10.4,42.2%,14.9%,3963,1397,12,3,1,3,5,7,10, 29, 61, 59, 59, 47,0.8,102.7,Jämtland
Sundbyberg,52667,67.8,5288,10.0%,94,17.8,21.7%,5.4%,9175,2257,91,107,105,126,157,164,191, 200, 201, 203, 181, 176,1.0,72.9,Stockholm
Sundsvall,99437,95.7,9962,10.0%,124,12.5,38.1%,9.6%,30102,7612,207,167,183,158,157,188,195, 229, 365, 374, 469, 483,1.0,84.8,Västernorrland
Sunne,13318,54.8,544,4.1%,11,8.3,46.4%,11.5%,5014,1245,14,8,6,7,7,15,34, 33, 59, 46, 45, 28,0.6,68.3,Värmland
Surahammar,10100,49.5,1057,10.5%,10,9.9,41.3%,12.1%,3296,966,6,6,7,5,11,12,91, 132, 64, 56, 20, 30,1.5,75.2,Västmanland
Svalöv,14277,56.7,1330,9.3%,13,9.1,31.4%,8.6%,3437,946,23,29,32,24,42,37,48, 36, 60, 47, 33, 48,1.5,56.0,Skåne
Svedala,22690,87.3,2561,11.3%,14,6.2,31.4%,7.8%,5226,1302,64,54,54,62,56,68,62, 81, 90, 78, 99, 99,1.0,78.0,Skåne
Svenljunga,10745,74.5,790,7.4%,9,8.4,39.1%,9.2%,3343,788,7,5,11,16,21,37,25, 38, 36, 34, 37, 43,1.2,66.1,Västra Götaland
Säffle,15444,36.9,957,6.2%,3,1.9,45.1%,12.7%,5630,1588,20,38,32,37,49,29,50, 46, 50, 52, 31, 26,0.8,53.7,Värmland
Säter,11147,101.4,797,7.1%,15,13.5,41.1%,7.6%,3659,678,5,17,6,9,26,22,43, 29, 26, 52, 55, 58,1.1,96.0,Dalarna
Sävsjö,11720,36.7,1632,13.9%,25,21.3,40.6%,12.0%,3664,1078,68,55,66,48,50,58,63, 47, 55, 46, 24, 19,0.8,59.7,Jönköping
Söderhamn,25582,28.9,2677,10.5%,89,34.8,44.9%,17.4%,9260,3583,78,92,45,43,49,46,32, 33, 52, 38, 33, 41,1.2,27.8,Gävleborg
Söderköping,14614,95.1,919,6.3%,13,8.9,48.5%,12.6%,5557,1442,8,11,27,26,25,49,52, 70, 30, 58, 64, 75,1.2,83.5,Östergötland
Södertälje,100004,64.9,10805,10.8%,224,22.4,24.2%,7.6%,18845,5918,96,91,158,180,245,324,304, 339, 312, 385, 312, 337,1.1,69.7,Stockholm
Sölvesborg,17425,113.1,1392,8.0%,17,9.8,37.8%,9.6%,5364,1365,21,28,25,18,14,31,49, 53, 68, 109, 100, 97,1.0,119.9,Blekinge
Tanum,12904,45.7,986,7.6%,13,10.1,45.5%,12.7%,4799,1336,54,65,33,20,12,18,47, 45, 66, 44, 32, 27,0.8,58.9,Västra Götaland
Tibro,11256,80.0,990,8.8%,23,20.4,39.4%,13.4%,3536,1201,9,5,7,5,7,15,20, 23, 29, 59, 59, 31,0.5,104.8,Västra Götaland
Tidaholm,12833,93.5,868,6.8%,17,13.2,32.1%,13.4%,3280,1370,19,13,18,9,12,14,27, 16, 26, 35, 69, 51,0.7,81.0,Västra Götaland
Tierp,21345,64.7,2036,9.5%,18,8.4,37.8%,12.9%,6398,2180,19,51,55,66,50,83,124, 121, 132, 95, 73, 65,0.9,78.7,Uppsala
Timrå,17973,86.2,1819,10.1%,42,23.4,37.8%,8.9%,5417,1280,41,26,28,27,19,44,59, 52, 67, 65, 69, 86,1.2,74.6,Västernorrland
Tingsryd,12387,54.9,683,5.5%,15,12.1,45.0%,12.1%,4509,1210,17,16,26,21,9,5,9, 4, 25, 26, 32, 36,1.1,46.8,Kronoberg
Tjörn,16145,35.9,1317,8.2%,12,7.4,40.3%,8.3%,5240,1072,52,62,62,57,39,57,51, 58, 55, 39, 27, 31,1.1,40.9,Västra Götaland
Tomelilla,13684,32.9,988,7.2%,5,3.7,38.1%,12.4%,4163,1351,28,27,25,28,5,18,33, 29, 51, 30, 21, 24,1.1,37.3,Skåne
Torsby,11545,55.4,482,4.2%,4,3.5,55.3%,16.3%,5332,1567,9,5,12,18,18,18,26, 37, 46, 25, 27, 37,1.4,45.0,Värmland
Torsås,7140,44.8,354,5.0%,16,22.4,45.5%,14.2%,2626,821,5,3,9,7,5,12,23, 8, 11, 28, 20, 12,0.6,67.2,Kalmar
Tranemo,11868,156.7,1126,9.5%,15,12.6,31.1%,8.9%,2941,839,16,15,13,21,28,50,64, 47, 47, 65, 77, 109,1.4,119.6,Västra Götaland
Tranås,18908,57.1,1345,7.1%,12,6.3,41.6%,10.1%,6214,1502,43,39,37,33,30,25,45, 82, 75, 74, 47, 61,1.3,64.0,Jönköping
Trelleborg,45855,54.7,4879,10.6%,62,13.5,33.8%,10.0%,12212,3612,145,154,181,172,154,151,126, 128, 133, 78, 122, 129,1.1,43.6,Skåne
Trollhättan,59282,77.3,5824,9.8%,90,15.2,22.8%,7.6%,10565,3508,98,120,169,189,152,135,193, 196, 246, 252, 238, 220,0.9,82.7,Västra Götaland
Trosa,14237,73.8,1081,7.6%,13,9.1,42.2%,14.3%,4730,1602,10,8,31,39,37,37,32, 30, 39, 43, 60, 45,0.8,72.3,Södermanland
Tyresö,48588,69.8,4944,10.2%,81,16.7,29.5%,7.9%,10899,2904,115,165,136,161,174,157,194, 171, 178, 214, 179, 160,0.9,80.9,Stockholm
Täby,72632,86.7,7042,9.7%,101,13.9,32.7%,7.2%,18096,3997,114,132,137,156,184,262,271, 294, 324, 300, 303, 327,1.1,83.0,Stockholm
Töreboda,9256,46.5,599,6.5%,13,14.0,43.7%,14.0%,3278,1047,3,10,1,5,3,21,53, 26, 31, 46, 23, 20,0.9,74.5,Västra Götaland
Uddevalla,56833,85.5,5509,9.7%,80,14.1,35.4%,13.2%,15741,5853,128,90,124,156,116,147,191, 230, 276, 308, 251, 235,0.9,98.4,Västra Götaland
Ulricehamn,24694,112.2,2133,8.6%,28,11.3,37.5%,11.0%,7350,2162,42,38,27,42,49,72,111, 82, 90, 65, 138, 139,1.0,82.2,Västra Götaland
Umeå,130248,58.3,8167,6.3%,45,3.5,30.5%,8.0%,31637,8332,164,213,251,285,238,288,229, 192, 299, 310, 330, 429,1.3,49.1,Västerbotten
Upplands Väsby,47194,58.5,4223,8.9%,104,22.0,28.9%,8.2%,10496,2964,64,76,99,76,101,159,129, 155, 164, 185, 122, 154,1.3,65.1,Stockholm
Upplands-Bro,30097,61.5,2617,8.7%,44,14.6,28.0%,6.8%,6346,1533,60,67,59,48,53,85,102, 106, 83, 128, 98, 87,0.9,75.1,Stockholm
Uppsala,233745,79.2,22671,9.7%,257,11.0,27.9%,8.3%,51971,15540,416,420,416,471,572,778,949,1 183,1 088,1 087,1 034, 817,0.8,90.7,Uppsala
Uppvidinge,9503,109.4,926,9.7%,11,11.6,37.2%,10.3%,2784,768,17,9,3,12,8,14,8, 13, 16, 38, 60, 44,0.7,103.1,Kronoberg
Vadstena,7440,91.4,712,9.6%,9,12.1,60.6%,16.5%,3743,1020,20,24,12,34,5,41,58, 59, 40, 55, 27, 41,1.5,110.2,Östergötland
Vaggeryd,14483,91.1,1556,10.7%,17,11.7,37.6%,10.6%,4175,1171,53,47,47,64,77,73,86, 82, 97, 96, 81, 51,0.6,122.2,Jönköping
Valdemarsvik,7737,78.8,358,4.6%,14,18.1,51.0%,12.1%,3253,772,6,1,4,3,9,9,15, 12, 4, 21, 32, 29,0.9,68.5,Östergötland
Vallentuna,34127,64.2,3082,9.0%,25,7.3,30.3%,7.1%,7735,1809,46,76,119,101,100,123,106, 135, 132, 128, 99, 120,1.2,66.5,Stockholm
Vansbro,6807,41.1,678,10.0%,15,22.0,41.6%,8.7%,2305,484,9,9,17,11,17,3,19, 17, 30, 21, 14, 14,1.0,51.4,Dalarna
Vara,16045,43.6,816,5.1%,18,11.2,39.4%,10.6%,5068,1358,33,29,26,20,16,19,27, 16, 31, 48, 39, 31,0.8,54.2,Västra Götaland
Varberg,65279,61.0,7873,12.1%,64,9.8,38.5%,10.3%,19911,5331,167,233,286,408,458,470,569, 435, 461, 349, 229, 169,0.7,88.5,Halland
Vaxholm,11875,67.4,1054,8.9%,7,5.9,36.7%,7.8%,3337,709,21,20,36,44,25,26,30, 35, 42, 48, 43, 37,0.9,76.6,Stockholm
Vellinge,36888,52.3,3743,10.1%,44,11.9,35.7%,10.0%,10059,2822,130,133,103,137,105,132,135, 86, 63, 81, 81, 112,1.4,43.9,Skåne
Vetlanda,27502,32.0,2768,10.1%,62,22.5,41.7%,12.1%,9021,2617,61,48,74,42,44,96,118, 61, 68, 58, 49, 39,0.8,38.9,Jönköping
Vilhelmina,6549,47.3,204,3.1%,3,4.6,41.3%,14.0%,2196,743,5,21,22,12,3,10,2, 1, 4, 10, 16, 15,0.9,39.7,Västerbotten
Vimmerby,15657,107.9,1562,10.0%,26,16.6,41.3%,11.6%,5178,1452,23,13,25,27,26,62,115, 129, 112, 89, 82, 87,1.1,109.2,Kalmar
Vindeln,5478,14.6,195,3.6%,3,5.5,45.3%,14.0%,1973,608,8,21,12,5,4,15,21, 10, 1, 2, 3, 5,1.7,9.1,Västerbotten
Vingåker,9153,67.7,452,4.9%,17,18.6,46.2%,13.8%,3346,1001,3,8,9,2,15,24,29, 23, 36, 32, 30, 32,1.1,67.7,Södermanland
Vårgårda,11906,46.2,955,8.0%,12,10.1,33.0%,7.4%,3052,680,13,37,25,15,17,28,17, 36, 42, 71, 36, 19,0.5,89.9,Västra Götaland
Vänersborg,39611,69.2,3057,7.7%,70,17.7,32.9%,9.8%,10230,3058,98,98,118,117,95,69,62, 90, 91, 171, 153, 121,0.8,81.8,Västra Götaland
Vännäs,8980,45.7,353,3.9%,3,3.3,38.6%,8.8%,2677,607,3,20,14,10,6,8,12, 9, 6, 20, 20, 21,1.1,44.5,Västerbotten
Värmdö,45393,60.1,3935,8.7%,73,16.1,29.9%,6.8%,10350,2348,93,117,174,161,153,109,164, 151, 155, 152, 124, 149,1.2,60.8,Stockholm
Värnamo,34540,96.1,3808,11.0%,46,13.3,38.7%,8.1%,10515,2206,78,69,67,56,89,92,93, 90, 145, 126, 154, 178,1.2,81.1,Jönköping
Västervik,36602,72.7,3193,8.7%,46,12.6,51.6%,12.5%,15418,3742,79,101,126,181,156,110,167, 133, 167, 174, 151, 115,0.8,88.8,Kalmar
Västerås,155574,53.5,14707,9.5%,215,13.8,35.0%,9.9%,42808,12128,229,225,190,260,279,290,369, 403, 459, 457, 448, 384,0.9,58.2,Västmanland
Växjö,94796,119.5,9887,10.4%,130,13.7,33.9%,7.8%,25154,5766,212,207,142,126,98,147,178, 212, 403, 449, 526, 607,1.2,102.9,Kronoberg
Ydre,3732,222.4,275,7.4%,3,8.0,46.1%,12.7%,1397,386,6,5,6,14,3,8,3, 7, 10, 11, 29, 54,1.9,107.2,Östergötland
Ystad,30914,58.5,3166,10.2%,12,3.9,44.0%,11.4%,11099,2885,71,76,82,108,67,112,169, 181, 196, 137, 101, 80,0.8,77.0,Skåne
Åmål,12440,16.1,731,5.9%,22,17.7,30.9%,9.4%,3088,938,17,14,25,16,17,18,11, 14, 35, 26, 13, 7,0.5,31.4,Västra Götaland
Ånge,9268,28.1,853,9.2%,26,28.1,44.3%,15.8%,3372,1200,26,17,33,38,37,15,10, 25, 21, 24, 13, 13,1.0,39.9,Västernorrland
Åre,11981,101.8,1063,8.9%,9,7.5,28.8%,10.2%,2731,969,7,39,88,44,41,16,27, 25, 37, 78, 73, 49,0.7,126.0,Jämtland
Årjäng,10017,88.8,782,7.8%,8,8.0,40.2%,10.6%,3263,862,18,27,18,13,11,18,22, 17, 32, 19, 56, 33,0.6,74.9,Värmland
Åsele,2797,10.7,164,5.9%,3,10.7,47.9%,20.5%,1105,472,5,22,21,11,3,7,6, 7, 26, 11, 1, 2,2.0,42.9,Västerbotten
Åstorp,16028,54.9,1748,10.9%,17,10.6,27.9%,7.9%,3351,951,47,48,58,42,31,39,48, 32, 32, 66, 38, 50,1.3,64.9,Skåne
Åtvidaberg,11414,129.7,724,6.3%,10,8.8,44.9%,12.0%,4126,1099,14,10,9,15,16,11,11, 27, 36, 53, 68, 80,1.2,106.0,Östergötland
Älmhult,17901,72.1,1342,7.5%,37,20.7,33.6%,8.3%,4562,1122,51,34,23,21,12,22,17, 14, 28, 38, 66, 63,1.0,58.1,Kronoberg
Älvdalen,7034,69.7,534,7.6%,3,4.3,46.2%,10.3%,2658,592,31,33,29,40,49,30,40, 23, 26, 24, 32, 17,0.5,79.6,Dalarna
Älvkarleby,9518,83.0,1135,11.9%,37,38.9,38.1%,13.3%,2859,994,16,31,39,77,45,62,60, 35, 67, 38, 31, 48,1.5,72.5,Uppsala
Älvsbyn,8042,74.6,783,9.7%,3,3.7,44.5%,11.1%,2904,722,24,24,21,34,46,64,40, 35, 52, 62, 28, 32,1.1,111.9,Norrbotten
Ängelholm,42868,59.0,4572,10.7%,48,11.2,35.7%,11.5%,12142,3922,202,163,115,130,120,112,113, 131, 159, 139, 143, 110,0.8,65.8,Skåne
Öckerö,12948,59.5,1123,8.7%,9,7.0,37.6%,13.6%,3866,1397,17,23,36,42,51,70,50, 34, 26, 36, 45, 32,0.7,62.6,Västra Götaland
Ödeshög,5324,92.0,436,8.2%,13,24.4,45.2%,11.1%,1928,472,4,17,4,8,11,30,18, 29, 35, 42, 25, 24,1.0,125.8,Östergötland
Örebro,156517,77.7,16474,10.5%,154,9.8,31.5%,11.8%,38654,14475,217,260,361,415,372,448,588, 844, 848, 692, 598, 618,1.0,82.4,Örebro
Örkelljunga,10428,21.1,819,7.9%,14,13.4,33.0%,11.1%,2737,922,18,22,25,36,36,55,54, 26, 30, 34, 14, 8,0.6,46.0,Skåne
Örnsköldsvik,55862,182.1,6987,12.5%,67,12.0,42.0%,12.1%,18590,5363,117,121,111,148,250,319,435, 549, 704, 800, 624, 393,0.6,254.9,Västernorrland
Östersund,63987,66.1,4997,7.8%,58,9.1,38.1%,9.6%,19372,4888,120,87,121,125,166,219,127, 103, 162, 201, 187, 236,1.3,60.6,Jämtland
Österåker,46585,66.1,4174,9.0%,60,12.9,33.2%,7.1%,11783,2514,65,72,86,119,133,201,186, 221, 185, 157, 170, 138,0.8,70.2,Stockholm
Östhammar,22212,72.0,1571,7.1%,32,14.4,41.5%,14.0%,7465,2524,74,38,25,15,23,44,37, 36, 84, 73, 91, 69,0.8,73.8,Uppsala
Östra Göinge,14996,50.0,1251,8.3%,16,10.7,30.7%,10.5%,3532,1210,22,47,28,22,14,21,13, 17, 33, 32, 36, 39,1.1,45.3,Skåne
Överkalix,3297,139.5,263,8.0%,3,9.1,54.5%,14.5%,1533,408,8,14,8,9,3,5,1, 4, 4, 18, 21, 25,1.2,118.3,Norrbotten
Övertorneå,4216,23.7,194,4.6%,6,14.2,53.4%,12.8%,1914,460,3,8,13,16,3,2,6, 2, 17, 10, 8, 2,0.3,42.7,Norrbotten
